Workbook

Sheet Form Responses 7
A1: Timestamp | B1: Inspector Name | C1: Block | D1: Floor | E1: Flat | F1: Work Category | G1: RCC Work || Checklist [RCC-001 — Dimensions: length, breadth, depth as per drawing.] | H1: RCC Work || Checklist [RCC-002 — Check is the bar bending schedule is prepared and approved by the site Engineer.] | I1: RCC Work || Checklist [RCC-003 — Check for correct cutting & bending of bars as per approved BBS.] | J1: RCC Work || Checklist [RCC-004 — Check bar diameter, shapes of bar, dimension of bars & number of bars as per BBS.] | K1: RCC Work || Checklist [RCC-005 — Check identification tags is attached.] | L1: RCC Work || Checklist [RCC-006 — Check for cleanliness of bars from any oil, grease, soil & rust.] | M1: RCC Work || Checklist [RCC-007 — Check for satisfactory tying of reinforcement with binding wire.] | N1: RCC Work || Checklist [RCC-008 — Check for location of service conduits.] | O1: RCC Work || Checklist [RCC-009 — Check for readiness of reinforcement for release for concreting.] | P1: RCC Work || Checklist [RCC-010 — Slump test at pour location.] | Q1: RCC Work || Checklist [RCC-011 — Is continuous flow of concrete ensured.] | R1: RCC Work || Checklist [RCC-012 — Check for transportation & placement of concrete. Is it ok?] | S1: RCC Work || Checklist [RCC-013 — Check whether vibration being done till concrete packs tightly against all surface, reinforcement and embed...] | T1: RCC Work || Checklist [RCC-014 — Is blending of concrete poured in separated layers being ensured?] | U1: RCC Work || Checklist [RCC-015 — Is concrete consumed within initial setting time of cement.] | V1: RCC Work || Checklist [RCC-016 — Check for positions of construction joint. Is it ok?] | W1: RCC Work || Checklist [RCC-017 — Check for leveling and finishing of concrete surface.] | X1: RCC Work || Checklist [RCC-018 — Check the quantity of concrete of poured match with theoretical qty.] | Y1: RCC Work || Checklist [RCC-019 — Check the start time and end time of concreting.] | Z1: RCC Work || Checklist [RCC-020 — Cube samples cast (6 numbers / 50 m³).] | AA1: RCC Work || Checklist [RCC-021 — Shuttering material (ply / steel) condition.] | AB1: RCC Work || Checklist [RCC-022 — Line, level & plumb of formwork.] | AC1: RCC Work || Checklist [RCC-023 — Props, bracing & supports adequacy.] | AD1: RCC Work || Checklist [RCC-024 — Cleaning of formwork (no debris, dust, water).] | AE1: RCC Work || Checklist [RCC-025 — Shuttering oil / release agent application.] | AF1: RCC Work || Checklist [RCC-026 — Joints sealed (no slurry leakage points).] | AG1: RCC Work || Checklist [RCC-027 — Steel grade & make verification (TMT Fe-500/550D).] | AH1: RCC Work || Checklist [RCC-028 — Bar diameter, number & spacing as per BBS.] | AI1: RCC Work || Checklist [RCC-029 — Lap length & lap location.] | AJ1: RCC Work || Checklist [RCC-030 — Cover blocks (cement / PVC) — type, size, spacing.] | AK1: RCC Work || Checklist [RCC-031 — Clear cover provided.] | AL1: RCC Work || Checklist [RCC-032 — Hooks, bends, stirrups & ties.] | AM1: RCC Work || Checklist [RCC-033 — Chair bars in two-way reinforcement.] | AN1: RCC Work || Checklist [RCC-034 — Binding wire — coverage & tightness.] | AO1: RCC Work || Checklist [RCC-035 — Free of oil, mud, loose rust, paint.] | AP1: RCC Work || Checklist [RCC-036 — Electrical / plumbing conduits & sleeves in place.] | AQ1: RCC Work || Checklist [RCC-037 — Box-outs, pockets, inserts for fixtures.] | AR1: RCC Work || Checklist [RCC-038 — Construction joint preparation (laitance removed).] | AS1: RCC Work || Checklist [RCC-039 — Concrete grade & mix verification.] | AT1: RCC Work || Checklist [RCC-040 — Pour sequence & layering thickness.] | AU1: RCC Work || Checklist [RCC-041 — Vibration — needle / external.] | AV1: RCC Work || Checklist [RCC-042 — Free fall height of concrete.] | AW1: RCC Work || Checklist [RCC-043 — Top finishing — level, screeding, floating.] | AX1: RCC Work || Checklist [RCC-044 — Weather conditions monitored (temp/rain).] | AY1: RCC Work || Checklist [RCC-045 — Curing started within 6–12 hrs.] | AZ1: RCC Work || Checklist [RCC-046 — Shuttering striking time observed.] | BA1: RCC Work || Checklist [RCC-047 — Surface inspection — honeycomb, voids, cracks.] | BB1: Section Remarks [RCC Work] | BC1: Masonry Work || Checklist [MAS-001 — Check is the Drawing, Specification & method statement approved by the consultant.] | BD1: Masonry Work || Checklist [MAS-002 — Check whether type and material for Masonry work has been decided.] | BE1: Masonry Work || Checklist [MAS-003 — Check for availability of material as per the daily requirement.] | BF1: Masonry Work || Checklist [MAS-004 — Check is the area clean of loose material and concrete.] | BG1: Masonry Work || Checklist [MAS-005 — Check for proper staking of bricks / AAC block.] | BH1: Masonry Work || Checklist [MAS-006 — Check for quality of brick, cement & Sand.] | BI1: Masonry Work || Checklist [MAS-007 — Check for wetting of bricks.] | BJ1: Masonry Work || Checklist [MAS-008 — Check for the proportion of mortar mixing ratio.] | BK1: Masonry Work || Checklist [MAS-009 — Check for size of doors and window opening.] | BL1: Masonry Work || Checklist [MAS-010 — Check for margins left for plastering jobs.] | BM1: Masonry Work || Checklist [MAS-011 — Check for dry mixing on hard and clean surface before adding water to mix proportion of mortar.] | BN1: Masonry Work || Checklist [MAS-012 — Check for plumb, line & level.] | BO1: Masonry Work || Checklist [MAS-013 — Check for cleaning area for dead mortar and brick bat to location of disposal.] | BP1: Masonry Work || Checklist [MAS-014 — Check for raking of joints to received plaster/ pointing both side of the wall.] | BQ1: Masonry Work || Checklist [MAS-015 — Check for curing arrangements.] | BR1: Masonry Work || Checklist [MAS-016 — Check for defects if any urgently rectification required.] | BS1: Section Remarks [Masonry Work] | BT1: Excavation & Earthwork || Checklist [EXC-001 — Check whether soil investigation report/drawing studied by concerned Consultant.] | BU1: Excavation & Earthwork || Checklist [EXC-002 — Is excavation plan approved by Engineer/Consultant.] | BV1: Excavation & Earthwork || Checklist [EXC-003 — Check the layout, Alignment and size of excavation marked on the ground as per excavation plan.] | BW1: Excavation & Earthwork || Checklist [EXC-004 — Check Is there any underground utilities like sewers,water pipeline, cable etc is exist.] | BX1: Excavation & Earthwork || Checklist [EXC-005 — Check the area on excavation is clean & clear of bushes, vegetation & tree.] | BY1: Excavation & Earthwork || Checklist [EXC-006 — Check whether the excavated pit are adequately shored/timbered/safe slopes provided.] | BZ1: Excavation & Earthwork || Checklist [EXC-007 — Check where barricading & Caution signs are provided for deep excavation.] | CA1: Excavation & Earthwork || Checklist [EXC-008 — Check whether excavated material is kept away at least 1.5 mtr from the edge of the pit.] | CB1: Excavation & Earthwork || Checklist [EXC-009 — Make sure to keep away heavy equipment atleast 6.00 mtr from the pit.] | CC1: Excavation & Earthwork || Checklist [EXC-010 — Check lighting arrangement are adequate during night work.] | CD1: Excavation & Earthwork || Checklist [EXC-011 — Check the dewatering arrangement is available in case of pit is water logged.] | CE1: Section Remarks [Excavation & Earthwork] | CF1: Plaster & Waterproofing || Checklist [PLW-001 — Substrate cleaned of dust, oil, loose particles.] | CG1: Plaster & Waterproofing || Checklist [PLW-002 — Hacking of concrete surfaces (RCC / shear walls).] | CH1: Plaster & Waterproofing || Checklist [PLW-003 — Surface thoroughly wetted before plaster.] | CI1: Plaster & Waterproofing || Checklist [PLW-004 — Chicken wire mesh at RCC–masonry junctions.] | CJ1: Plaster & Waterproofing || Checklist [PLW-005 — All MEP chases filled, conduits secured & netted.] | CK1: Plaster & Waterproofing || Checklist [PLW-006 — Level pads / dots & screeds (gauges) installed.] | CL1: Plaster & Waterproofing || Checklist [PLW-007 — Cement — brand & grade.] | CM1: Plaster & Waterproofing || Checklist [PLW-008 — Sand — zone, silt content, washing.] | CN1: Plaster & Waterproofing || Checklist [PLW-009 — Water — potable, clean.] | CO1: Plaster & Waterproofing || Checklist [PLW-010 — Mix proportion as specified.] | CP1: Plaster & Waterproofing || Checklist [PLW-011 — Waterproofing admixture in external plaster.] | CQ1: Plaster & Waterproofing || Checklist [PLW-012 — Plaster thickness.] | CR1: Plaster & Waterproofing || Checklist [PLW-013 — Plumb, line & level (3m straight edge).] | CS1: Plaster & Waterproofing || Checklist [PLW-014 — Corners — sharp, true, with chamfer/groove if specified.] | CT1: Plaster & Waterproofing || Checklist [PLW-015 — Finish — smooth, no undulations, no cracks.] | CU1: Plaster & Waterproofing || Checklist [PLW-016 — Plaster in 2 coats (base + finish).] | CV1: Plaster & Waterproofing || Checklist [PLW-017 — Grooves at slab/wall junction & at intervals.] | CW1: Plaster & Waterproofing || Checklist [PLW-018 — Drip mould below projections / sunshade.] | CX1: Plaster & Waterproofing || Checklist [PLW-019 — Bands & architectural features as per elevation.] | CY1: Plaster & Waterproofing || Checklist [PLW-020 — Curing — minimum 7 days continuous.] | CZ1: Plaster & Waterproofing || Checklist [PLW-021 — Hollow sound check on cured plaster.] | DA1: Plaster & Waterproofing || Checklist [PLW-022 — Shrinkage / surface cracks.] | DB1: Plaster & Waterproofing || Checklist [PLW-023 — Joints between old & new plaster.] | DC1: Section Remarks [Plaster & Waterproofing] | DD1: Tile Work || Checklist [TIL-001 — Base / screed level & slope.] | DE1: Tile Work || Checklist [TIL-002 — Waterproofing completed & tested (wet areas).] | DF1: Tile Work || Checklist [TIL-003 — Substrate clean, dry, free of curing compound.] | DG1: Tile Work || Checklist [TIL-004 — Tile inspection — size, color, lot, shade match.] | DH1: Tile Work || Checklist [TIL-005 — Adhesive / mortar type.] | DI1: Tile Work || Checklist [TIL-006 — Tile spacers & spacing.] | DJ1: Tile Work || Checklist [TIL-007 — Grout — color, brand, epoxy/cementitious.] | DK1: Tile Work || Checklist [TIL-008 — Dry layout / setting-out approval.] | DL1: Tile Work || Checklist [TIL-009 — Reference lines & datum levels marked.] | DM1: Tile Work || Checklist [TIL-010 — Pattern, direction, design as per drawing.] | DN1: Tile Work || Checklist [TIL-011 — Full bedding — no voids under tiles.] | DO1: Tile Work || Checklist [TIL-012 — Lippage between adjacent tiles.] | DP1: Tile Work || Checklist [TIL-013 — Joints — straight, uniform, perpendicular.] | DQ1: Tile Work || Checklist [TIL-014 — Cut tiles — edge finish, location.] | DR1: Tile Work || Checklist [TIL-015 — Slope verification in toilet/balcony floor.] | DS1: Tile Work || Checklist [TIL-016 — Skirting / dado alignment with floor joints.] | DT1: Tile Work || Checklist [TIL-017 — Provision for expansion joints (large areas).] | DU1: Tile Work || Checklist [TIL-018 — Cutouts around pipes, fixtures, drains.] | DV1: Tile Work || Checklist [TIL-019 — Grouting — full depth, no gaps.] | DW1: Tile Work || Checklist [TIL-020 — Hollow sound test (tap with wooden mallet).] | DX1: Tile Work || Checklist [TIL-021 — Surface cleaning & polishing.] | DY1: Tile Work || Checklist [TIL-022 — Protection of finished tiles.] | DZ1: Section Remarks [Tile Work] | EA1: Putty Work || Checklist [PUT-001 — Plaster fully cured (min 21–28 days).] | EB1: Putty Work || Checklist [PUT-002 — Surface cleaning — dust, loose particles, oil.] | EC1: Putty Work || Checklist [PUT-003 — Hairline / minor cracks filled.] | ED1: Putty Work || Checklist [PUT-004 — Sanding of high spots / projections.] | EE1: Putty Work || Checklist [PUT-005 — Putty brand & type approved.] | EF1: Putty Work || Checklist [PUT-006 — Mixing ratio with water.] | EG1: Putty Work || Checklist [PUT-007 — Pot life observed.] | EH1: Putty Work || Checklist [PUT-008 — Number of coats.] | EI1: Putty Work || Checklist [PUT-009 — Thickness per coat.] | EJ1: Putty Work || Checklist [PUT-010 — Drying time between coats.] | EK1: Putty Work || Checklist [PUT-011 — Sanding between coats (320–400 grit).] | EL1: Putty Work || Checklist [PUT-012 — Edges, corners, junctions — neat finish.] | EM1: Putty Work || Checklist [PUT-013 — Surface smoothness (touch & oblique-light check).] | EN1: Putty Work || Checklist [PUT-014 — No pinholes, blowholes or cracks.] | EO1: Putty Work || Checklist [PUT-015 — Moisture content before paint.] | EP1: Putty Work || Checklist [PUT-016 — Final sanding & dust cleaning before primer.] | EQ1: Section Remarks [Putty Work] | ER1: Electrical Work || Checklist [ELE-001 — Conduit make, ISI marked, fire-retardant.] | ES1: Electrical Work || Checklist [ELE-002 — Conduit chasing — depth & alignment.] | ET1: Electrical Work || Checklist [ELE-003 — No diagonal chasing; no chasing in beams.] | EU1: Electrical Work || Checklist [ELE-004 — Conduit joints — couplers / solvent cement.] | EV1: Electrical Work || Checklist [ELE-005 — Bend radius.] | EW1: Electrical Work || Checklist [ELE-006 — Fish wire installed in every conduit.] | EX1: Electrical Work || Checklist [ELE-007 — Conduits secured with saddles / nails.] | EY1: Electrical Work || Checklist [ELE-008 — Switch / socket box position & height.] | EZ1: Electrical Work || Checklist [ELE-009 — Box flush with finished plaster level.] | FA1: Electrical Work || Checklist [ELE-010 — DB location, size, accessibility.] | FB1: Electrical Work || Checklist [ELE-011 — Earth bus bar & neutral bar in DB.] | FC1: Electrical Work || Checklist [ELE-012 — Cable brand, size, FRLS / ISI marking.] | FD1: Electrical Work || Checklist [ELE-013 — Cable colour code.] | FE1: Electrical Work || Checklist [ELE-014 — Cable sizes vs. circuit load.] | FF1: Electrical Work || Checklist [ELE-015 — No joints inside conduit.] | FG1: Electrical Work || Checklist [ELE-016 — Number of wires per conduit.] | FH1: Electrical Work || Checklist [ELE-017 — Looping at switch boards (phase looped, not neutral).] | FI1: Electrical Work || Checklist [ELE-018 — Earth pit construction & resistance.] | FJ1: Electrical Work || Checklist [ELE-019 — Earthing conductor size & continuity.] | FK1: Electrical Work || Checklist [ELE-020 — Double earthing for all 3-phase equipment.] | FL1: Electrical Work || Checklist [ELE-021 — RCCB / ELCB installation & rating.] | FM1: Electrical Work || Checklist [ELE-022 — MCB ratings vs. circuit design.] | FN1: Electrical Work || Checklist [ELE-023 — Insulation resistance (Megger) — 500V DC.] | FO1: Electrical Work || Checklist [ELE-024 — Continuity test — phase, neutral, earth.] | FP1: Electrical Work || Checklist [ELE-025 — Earth resistance test (clamp / fall-of-potential).] | FQ1: Electrical Work || Checklist [ELE-026 — Polarity test for sockets.] | FR1: Electrical Work || Checklist [ELE-027 — Load test of DB.] | FS1: Electrical Work || Checklist [ELE-028 — Functional test of all switches, sockets, lights.] | FT1: Electrical Work || Checklist [ELE-029 — Switch / socket plates — level, no gaps to wall.] | FU1: Electrical Work || Checklist [ELE-030 — Light fittings — alignment, level, firm fixing.] | FV1: Electrical Work || Checklist [ELE-031 — Ceiling fan — hook, downrod, balance.] | FW1: Electrical Work || Checklist [ELE-032 — DB labelling — circuit identification.] | FX1: Section Remarks [Electrical Work] | FY1: Plumbing Work || Checklist [PLB-001 — Pipe material, brand, ISI marking (CPVC/PPR).] | FZ1: Plumbing Work || Checklist [PLB-002 — Pipe sizing per fixture units.] | GA1: Plumbing Work || Checklist [PLB-003 — Concealed pipe routing & supports.] | GB1: Plumbing Work || Checklist [PLB-004 — Solvent cement joints / heat fusion (PPR).] | GC1: Plumbing Work || Checklist [PLB-005 — Hot & cold lines — separation & insulation.] | GD1: Plumbing Work || Checklist [PLB-006 — Hydrostatic pressure test (concealed lines).] | GE1: Plumbing Work || Checklist [PLB-007 — Isolation valves at branches & before fixtures.] | GF1: Plumbing Work || Checklist [PLB-008 — Air release & flushing of system.] | GG1: Plumbing Work || Checklist [PLB-009 — Pipe material (UPVC / SWR / cast iron).] | GH1: Plumbing Work || Checklist [PLB-010 — Pipe slope for horizontal runs.] | GI1: Plumbing Work || Checklist [PLB-011 — Traps under all fixtures (P/S/floor).] | GJ1: Plumbing Work || Checklist [PLB-012 — Vent pipe extension above roof.] | GK1: Plumbing Work || Checklist [PLB-013 — Floor traps & nahani trap — level with floor finish.] | GL1: Plumbing Work || Checklist [PLB-014 — Leakage test — water / smoke / air.] | GM1: Plumbing Work || Checklist [PLB-015 — Cleanouts / inspection openings.] | GN1: Plumbing Work || Checklist [PLB-016 — Fixture brand, model, color as approved.] | GO1: Plumbing Work || Checklist [PLB-017 — WC / wash basin / urinal fixing — level, firm.] | GP1: Plumbing Work || Checklist [PLB-018 — Tap & mixer installation — leak-free, aligned.] | GQ1: Plumbing Work || Checklist [PLB-019 — Shower fixing — height, alignment.] | GR1: Plumbing Work || Checklist [PLB-020 — Health faucet, angle valves, connectors.] | GS1: Plumbing Work || Checklist [PLB-021 — Sewer pipe material & dia.] | GT1: Plumbing Work || Checklist [PLB-022 — Bedding & backfill of buried pipes.] | GU1: Plumbing Work || Checklist [PLB-023 — Manhole construction — invert level, channel.] | GV1: Plumbing Work || Checklist [PLB-024 — Slope between manholes.] | GW1: Plumbing Work || Checklist [PLB-025 — Storm water drain — sizing & slope.] | GX1: Plumbing Work || Checklist [PLB-026 — Rain water down-takes & gratings.] | GY1: Plumbing Work || Checklist [PLB-027 — Rainwater harvesting pit / recharge bore.] | GZ1: Plumbing Work || Checklist [PLB-028 — First-flush diverter / silt trap.] | HA1: Plumbing Work || Checklist [PLB-029 — OHT & UGT — watertightness test.] | HB1: Plumbing Work || Checklist [PLB-030 — Pumps — make, capacity, head.] | HC1: Plumbing Work || Checklist [PLB-031 — Float switches, level controllers.] | HD1: Section Remarks [Plumbing Work] | HE1: False Ceiling Work || Checklist [FCL-001 — Ceiling level & layout marking.] | HF1: False Ceiling Work || Checklist [FCL-002 — MEP services above ceiling completed & tested.] | HG1: False Ceiling Work || Checklist [FCL-003 — Approved shop drawing with grid pattern.] | HH1: False Ceiling Work || Checklist [FCL-004 — Gypsum board / calcium silicate — brand, thickness.] | HI1: False Ceiling Work || Checklist [FCL-005 — GI sections — perimeter channel, intermediate, ceiling section.] | HJ1: False Ceiling Work || Checklist [FCL-006 — Suspension — soffit cleats, GI rods, hangers.] | HK1: False Ceiling Work || Checklist [FCL-007 — Screws — drywall screws, dry-rust treated.] | HL1: False Ceiling Work || Checklist [FCL-008 — Perimeter channel fixing.] | HM1: False Ceiling Work || Checklist [FCL-009 — Intermediate channel spacing.] | HN1: False Ceiling Work || Checklist [FCL-010 — Ceiling section spacing.] | HO1: False Ceiling Work || Checklist [FCL-011 — Level of grid (3m straightedge).] | HP1: False Ceiling Work || Checklist [FCL-012 — Cross bracing & rigidity.] | HQ1: False Ceiling Work || Checklist [FCL-013 — Joints staggered; no four-corner meeting.] | HR1: False Ceiling Work || Checklist [FCL-014 — Cut edges chamfered for taping.] | HS1: False Ceiling Work || Checklist [FCL-015 — Cut-outs for lights, AC grills, sprinklers.] | HT1: False Ceiling Work || Checklist [FCL-016 — Screw pattern & depth.] | HU1: False Ceiling Work || Checklist [FCL-017 — Joint taping (paper tape + jointing compound).] | HV1: False Ceiling Work || Checklist [FCL-018 — Corner beads at external corners.] | HW1: False Ceiling Work || Checklist [FCL-019 — Sanding & putty finish.] | HX1: False Ceiling Work || Checklist [FCL-020 — Inspection panels / access doors.] | HY1: False Ceiling Work || Checklist [FCL-021 — Painting — primer + 2 finish coats.] | HZ1: Section Remarks [False Ceiling Work] | IA1: Paint Work || Checklist [PNT-001 — The scaffolding to be self-standing and rigid.] | IB1: Paint Work || Checklist [PNT-002 — Check for double horizontals, wherever necessary.] | IC1: Paint Work || Checklist [PNT-003 — Check for telescopic vertical scaffolding.] | ID1: Paint Work || Checklist [PNT-004 — Check for diagonal bracings.] | IE1: Paint Work || Checklist [PNT-005 — Algae affected area is cleaned properly before commencing the painting work.] | IF1: Paint Work || Checklist [PNT-006 — Crack filling is done by good quality of exterior grade crack filler.] | IG1: Paint Work || Checklist [PNT-007 — Window frame tie be protected and wrapped with plastic sheet.] | IH1: Paint Work || Checklist [PNT-008 — Check all window jambs are properly repaired.] | II1: Paint Work || Checklist [PNT-009 — Check deck ceiling light points are cleared.] | IJ1: Paint Work || Checklist [PNT-010 — Cleaning of dust and loose particles.] | IK1: Paint Work || Checklist [PNT-011 — Check after polishing, primer coat with proper finish.] | IL1: Paint Work || Checklist [PNT-012 — Check 1st coat paint is applied.] | IM1: Paint Work || Checklist [PNT-013 — Check baking coat, patchiness, unevenness, brush mark not seen.] | IN1: Paint Work || Checklist [PNT-014 — Paint as per approved scheme.] | IO1: Paint Work || Checklist [PNT-015 — Surface fully cured & dry.] | IP1: Paint Work || Checklist [PNT-016 — Putty work completed & sanded smooth.] | IQ1: Paint Work || Checklist [PNT-017 — Paint brand, type, batch verification.] | IR1: Paint Work || Checklist [PNT-018 — Primer type matched to substrate.] | IS1: Paint Work || Checklist [PNT-019 — Color shade approved (shade card / mock-up).] | IT1: Paint Work || Checklist [PNT-020 — Thinning ratio per manufacturer.] | IU1: Paint Work || Checklist [PNT-021 — Primer — single coat, uniform.] | IV1: Paint Work || Checklist [PNT-022 — Finish coats — minimum 2 coats.] | IW1: Paint Work || Checklist [PNT-023 — Drying time between coats.] | IX1: Paint Work || Checklist [PNT-024 — DFT (Dry Film Thickness) verification.] | IY1: Paint Work || Checklist [PNT-025 — Uniform color, no brush/roller marks, no patches.] | IZ1: Paint Work || Checklist [PNT-026 — Cutting at edges — sharp clean lines.] | JA1: Paint Work || Checklist [PNT-027 — Weather conditions during application.] | JB1: Paint Work || Checklist [PNT-028 — External primer — alkali-resistant.] | JC1: Paint Work || Checklist [PNT-029 — Min 2 coats exterior emulsion / texture.] | JD1: Paint Work || Checklist [PNT-030 — Anti-fungal / anti-algal performance.] | JE1: Paint Work || Checklist [PNT-031 — Texture pattern uniformity (if textured).] | JF1: Paint Work || Checklist [PNT-032 — Edges & joints with adjoining materials.] | JG1: Paint Work || Checklist [PNT-033 — Scaffold mark touch-ups completed.] | JH1: Paint Work || Checklist [PNT-034 — Hardware, glass, frames protected during paint.] | JI1: Paint Work || Checklist [PNT-035 — Final inspection in daylight and artificial light.] | JJ1: Section Remarks [Paint Work] | JK1: Landscape Development || Checklist [LAN-001 — Site clearance — debris, weeds, construction waste.] | JL1: Landscape Development || Checklist [LAN-002 — Existing soil testing (pH, drainage).] | JM1: Landscape Development || Checklist [LAN-003 — Sub-grade levels & contouring.] | JN1: Landscape Development || Checklist [LAN-004 — Sub-surface drainage / weep holes.] | JO1: Landscape Development || Checklist [LAN-005 — Top soil quality & depth.] | JP1: Landscape Development || Checklist [LAN-006 — Organic manure / compost mixing.] | JQ1: Landscape Development || Checklist [LAN-007 — Plant species list — match approved schedule.] | JR1: Landscape Development || Checklist [LAN-008 — Plant health — disease-free, hardened.] | JS1: Landscape Development || Checklist [LAN-009 — Pit size for trees / shrubs / hedges.] | JT1: Landscape Development || Checklist [LAN-010 — Spacing between plants.] | JU1: Landscape Development || Checklist [LAN-011 — Staking & support for trees.] | JV1: Landscape Development || Checklist [LAN-012 — Grass species & laying method (sod/sprig).] | JW1: Landscape Development || Checklist [LAN-013 — Rolling & levelling of lawn.] | JX1: Landscape Development || Checklist [LAN-014 — Irrigation system — drip / sprinkler layout.] | JY1: Landscape Development || Checklist [LAN-015 — Water source, pumps, controllers.] | JZ1: Landscape Development || Checklist [LAN-016 — Pressure & flow check at extremities.] | KA1: Landscape Development || Checklist [LAN-017 — Pathways — material, level, slope.] | KB1: Landscape Development || Checklist [LAN-018 — Kerb stones — alignment, jointing.] | KC1: Landscape Development || Checklist [LAN-019 — Decorative elements (pergolas, benches, planters).] | KD1: Landscape Development || Checklist [LAN-020 — Garden lights / bollards / spike lights.] | KE1: Landscape Development || Checklist [LAN-021 — Cable laid in conduit, depth ≥ 600mm.] | KF1: Landscape Development || Checklist [LAN-022 — Earthing of metallic posts.] | KG1: Landscape Development || Checklist [LAN-023 — Plant survival rate during defects period.] | KH1: Landscape Development || Checklist [LAN-024 — Mulching, weeding, pruning schedule.] | KI1: Section Remarks [Landscape Development] | KJ1: Fire Fighting Work || Checklist [FIR-001 — Fire NOC / approved drawings on site.] | KK1: Fire Fighting Work || Checklist [FIR-002 — Equipment make & model as approved.] | KL1: Fire Fighting Work || Checklist [FIR-003 — Pipe material — MS heavy / GI as specified.] | KM1: Fire Fighting Work || Checklist [FIR-004 — Pipe routing & supports.] | KN1: Fire Fighting Work || Checklist [FIR-005 — Welded / flanged joints — quality.] | KO1: Fire Fighting Work || Checklist [FIR-006 — Pipe painting — fire red.] | KP1: Fire Fighting Work || Checklist [FIR-007 — Pipe identification & flow direction.] | KQ1: Fire Fighting Work || Checklist [FIR-008 — Wet riser size & location.] | KR1: Fire Fighting Work || Checklist [FIR-009 — Landing valves on each floor.] | KS1: Fire Fighting Work || Checklist [FIR-010 — Hose reel (rubber-lined) on each floor.] | KT1: Fire Fighting Work || Checklist [FIR-011 — Hose box & accessories.] | KU1: Fire Fighting Work || Checklist [FIR-012 — External yard hydrants.] | KV1: Fire Fighting Work || Checklist [FIR-013 — Sprinkler heads — type, K-factor, temp rating.] | KW1: Fire Fighting Work || Checklist [FIR-014 — Sprinkler spacing & coverage.] | KX1: Fire Fighting Work || Checklist [FIR-015 — Distance from wall / obstruction.] | KY1: Fire Fighting Work || Checklist [FIR-016 — Flow switch, test & drain valves.] | KZ1: Fire Fighting Work || Checklist [FIR-017 — Main fire pump — capacity & head.] | LA1: Fire Fighting Work || Checklist [FIR-018 — Jockey pump capacity.] | LB1: Fire Fighting Work || Checklist [FIR-019 — Diesel engine pump — fuel tank, battery.] | LC1: Fire Fighting Work || Checklist [FIR-020 — Pump auto-start at set pressure.] | LD1: Fire Fighting Work || Checklist [FIR-021 — Suction / delivery — gauges, NRV, gate valve.] | LE1: Fire Fighting Work || Checklist [FIR-022 — Dedicated fire water tank capacity.] | LF1: Fire Fighting Work || Checklist [FIR-023 — Low-level alarm & breather.] | LG1: Fire Fighting Work || Checklist [FIR-024 — Hydrostatic test on pipework.] | LH1: Fire Fighting Work || Checklist [FIR-025 — Flow & pressure test at remotest hydrant.] | LI1: Fire Fighting Work || Checklist [FIR-026 — Sprinkler trip test (each zone).] | LJ1: Fire Fighting Work || Checklist [FIR-027 — Fire alarm / detection — smoke, heat detectors.] | LK1: Fire Fighting Work || Checklist [FIR-028 — MCP (manual call point) — tested every floor.] | LL1: Fire Fighting Work || Checklist [FIR-029 — PA system & hooter audibility.] | LM1: Fire Fighting Work || Checklist [FIR-030 — Fire extinguishers — type, capacity, location.] | LN1: Fire Fighting Work || Checklist [FIR-031 — Mounting height & signage.] | LO1: Fire Fighting Work || Checklist [FIR-032 — Refill / inspection due date marked.] | LP1: Fire Fighting Work || Checklist [FIR-033 — Final fire department inspection & NOC.] | LQ1: Section Remarks [Fire Fighting Work] | LR1: Overall Site Remarks | LS1: Defect photos (name each file with its check ID)
A2: 46174.015 | B2: Mikayla Goodman | C2: 4 | D2: 5 | E2: B | F2: RCC Work | G2: OK | H2: OK | I2: OK | J2: OK | K2: OK | L2: OK | M2: OK | N2: OK | O2: OK | P2: OK | Q2: OK | R2: OK | S2: OK | T2: OK | U2: OK | V2: OK | W2: OK | X2: OK | Y2: OK | Z2: OK | AA2: OK | AB2: OK | AC2: OK | AD2: OK | AE2: OK | AF2: OK | AG2: OK | AH2: OK | AI2: OK | AJ2: OK | BB2: Cumque ratione sint | LS2: https://drive.google.com/open?id=1uD-Rcu9d8dhdJwtNeBqxAOgvrnHQTzXc
A3: 46174.017 | B3: Indigo Hood | C3: 6 | D3: Podium | E3: D | F3: Fire Fighting Work | LQ3: Molestiae odio volup | LR3: Odio quam numquam ea | LS3: https://drive.google.com/open?id=1zkLEw_IT4yqcFxTf6JRlpNM2gzDEZtph
A4: 46174.018 | B4: Isha Maji | C4: 5 | D4: 7 | E4: H | F4: Landscape Development | JK4: OK | JL4: OK | JM4: OK | JN4: OK | JO4: OK | JP4: OK | JQ4: OK | JR4: OK | JS4: OK | JT4: OK | JU4: OK | JV4: OK | JW4: OK | JX4: OK | JY4: OK | JZ4: OK | KA4: OK | KB4: OK | KC4: OK | KD4: OK | KE4: OK | KF4: OK | KG4: OK | KH4: OK | KI4: Very Good | LR4: Good | LS4: https://drive.google.com/open?id=1td6vtf3DnYjfEC1h4Ba09Q3-AGoHT_Lw
A5: 46174.059 | B5: Test Manash | C5: 2 | D5: 3 | E5: E | F5: RCC Work | G5: NOT OK | H5: NOT OK | I5: NOT OK | J5: NOT OK | K5: NOT OK | L5: NOT OK | M5: NOT OK | N5: NOT OK | O5: NOT OK | P5: NOT OK | Q5: NOT OK | R5: OK | S5: OK | T5: OK | U5: OK | V5: OK | W5: OK | X5: OK | Y5: OK | Z5: OK | AA5: OK | AB5: OK | AC5: NOT OK | AD5: NOT OK | AE5: NOT OK | AF5: NOT OK | AG5: NOT OK | AH5: NOT OK | AI5: NOT OK | AJ5: NOT OK | AK5: NOT OK | AL5: OK | AM5: OK | AN5: OK | AP5: NOT OK | BB5: Test Anaswer | LR5: Not Good Site | LS5: https://drive.google.com/open?id=1DOC9z7z08goOzWXp3yRuPEDarGkwAhsr
A6: 46174.114 | B6: Test Test 2 | C6: 6 | D6: Podium | E6: E | F6: Putty Work | EB6: OK | EC6: OK | EE6: NOT OK | EH6: OK | EQ6: test | LR6: test | LS6: https://drive.google.com/open?id=1KEC4BMqwegLIs7bFd7daXWf2LvGaHxk9
A7: 46174.148 | B7: ABC | C7: 7 | D7: 3 | E7: F | F7: RCC Work | G7: OK | H7: OK | I7: OK | J7: OK | K7: OK | BB7: kkk
A8: 46174.15 | B8: AB | C8: 1 | D8: 1 | E8: A | F8: Excavation & Earthwork | BT8: OK | BU8: OK | BV8: OK | BW8: OK | BX8: OK | BY8: OK | BZ8: OK | CA8: OK | CB8: OK | CC8: OK | CD8: OK | CE8: A | LR8: A | LS8: https://drive.google.com/open?id=1m226tGmrBub-mJfyiZP7HXv3VJrsRGNY
A9: 46174.161 | B9: Ayush | C9: 11 | D9: 13 | E9: D | F9: Plumbing Work | FY9: NOT OK | FZ9: NOT OK | GA9: NOT OK | GB9: NOT OK | GC9: NOT OK | GD9: NOT OK | GE9: NOT OK | GF9: NOT OK | GG9: NOT OK | GH9: NOT OK | GI9: NOT OK | GJ9: NOT OK | GK9: NOT OK | GL9: NOT OK | GM9: NOT OK | GN9: NOT OK | GO9: NOT OK | GP9: NOT OK | GQ9: NOT OK | GR9: NOT OK | GS9: NOT OK | GT9: NOT OK | GU9: NOT OK | GV9: NOT OK | GW9: NOT OK | GX9: NOT OK | GY9: NOT OK | GZ9: NOT OK | HA9: NOT OK | HB9: NOT OK | HC9: NOT OK | HD9: Plumbing Test | LR9: Not Good Work
A10: 46174.163 | B10: Rishi Sir | C10: 10 | D10: 10 | E10: D | F10: Tile Work | DD10: OK | DE10: OK | DF10: OK | DG10: OK | DH10: OK | DI10: OK | DJ10: OK | DK10: Pending | DL10: Pending | DM10: Pending | DN10: Pending | DO10: OK | DP10: OK | DQ10: OK | DR10: OK | DS10: OK | DT10: OK | DU10: OK | DV10: OK | DW10: OK | DX10: OK | DY10: OK | DZ10: Very nice | LR10: Not upto the mark | LS10: https://drive.google.com/open?id=13XVgqG9jXvpkjaFgga7vN_XAM2uJnP12
A11: 46174.173 | B11: Test Mekesh | C11: 9 | D11: 5 | E11: C | F11: False Ceiling Work | HE11: OK | HF11: OK | HG11: OK | HH11: OK | HI11: OK | HJ11: OK | HK11: OK | HL11: OK | HM11: OK | HN11: OK | HO11: OK | HP11: OK | HQ11: OK | HR11: OK | HS11: OK | HT11: OK | HU11: OK | HV11: OK | HW11: OK | HX11: OK | HY11: NOT OK | LS11: https://drive.google.com/open?id=1sjmVRAURimE4qfdx-Bb_4ZyJuKjHrCRN
A12: 46174.183 | B12: MB GHOSH | C12: 1 | D12: 2 | E12: B | F12: Masonry Work | BC12: OK | BD12: OK | BE12: OK | BF12: OK | BG12: OK
A13: 46174.193 | B13: test test 2 | C13: 6 | D13: Podium | E13: E | F13: Putty Work | EE13: OK
A14: 46174.212 | B14: Isha | C14: 15 | D14: 40 | E14: H | F14: Fire Fighting Work | KJ14: OK | KK14: NOT OK | KL14: Pending | KM14: N/A | KN14: Pending | KO14: NOT OK | KP14: OK | KQ14: NOT OK | KR14: Pending | KS14: N/A | KT14: Pending | KU14: NOT OK | KV14: OK | KW14: NOT OK | KX14: Pending | KY14: N/A | KZ14: Pending | LA14: NOT OK | LB14: OK | LC14: NOT OK | LD14: Pending | LE14: N/A | LF14: Pending | LG14: NOT OK | LH14: OK | LI14: NOT OK | LJ14: Pending | LK14: N/A | LL14: Pending | LM14: NOT OK | LN14: OK | LO14: NOT OK | LP14: Pending | LQ14: NA | LR14: AN | LS14: https://drive.google.com/open?id=1URMe4FRkDwzhFg7ekC9mNFriwp6W0iLv
A15: 46174.25 | B15: MNO | C15: 14 | D15: 39 | E15: G | F15: Landscape Development | JK15: OK | JL15: NOT OK | JM15: Pending | JN15: N/A | JO15: Pending | JP15: NOT OK | JQ15: OK | JR15: NOT OK | JS15: Pending | JT15: N/A | JU15: Pending | JV15: NOT OK | JW15: OK | JX15: NOT OK | JY15: Pending | JZ15: N/A | KA15: Pending | KB15: NOT OK | KC15: OK | KD15: NOT OK | KE15: Pending | KF15: N/A | KG15: Pending | KH15: NOT OK | KI15: YES | LR15: hahhs | LS15: https://drive.google.com/open?id=15lyshyfSsQ0xwhwjBJrYzFHCACAoNhGe
A16: 46174.945 | B16: Srayans | C16: 6 | D16: 7 | E16: E | F16: Putty Work | EA16: NOT OK | EB16: OK | EP16: Pending

Sheet CONFIG
A1: Blocks | B1: Floors | C1: Flats | D1: Status Options | E1: Rectified Options | F1: Block (drill) | G1: Floor (drill) | H1: Flat (drill) | I1: Category (drill)
A2: 1 | B2: Basement | C2: A | D2: OK | E2: Yes | F2: All | G2: All | H2: All | I2: All
A3: 2 | B3: Ground | C3: B | D3: NOT OK | E3: No | F3: 1 | G3: Basement | H3: A | I3: RCC Work
A4: 3 | B4: Podium | C4: C | D4: Pending | E4: In Progress | F4: 2 | G4: Ground | H4: B | I4: Masonry Work
A5: 4 | B5: 1 | C5: D | D5: N/A | E5: N/A | F5: 3 | G5: Podium | H5: C | I5: Excavation & Earthwork
A6: 5 | B6: 2 | C6: E | F6: 4 | G6: 1 | H6: D | I6: Plaster & Waterproofing
A7: 6 | B7: 3 | C7: F | F7: 5 | G7: 2 | H7: E | I7: Tile Work
A8: 7 | B8: 4 | C8: G | F8: 6 | G8: 3 | H8: F | I8: Putty Work
A9: 8 | B9: 5 | C9: H | F9: 7 | G9: 4 | H9: G | I9: Electrical Work
A10: 9 | B10: 6 | F10: 8 | G10: 5 | H10: H | I10: Plumbing Work
A11: 10 | B11: 7 | F11: 9 | G11: 6 | I11: False Ceiling Work
A12: 11 | B12: 8 | F12: 10 | G12: 7 | I12: Paint Work
A13: 12 | B13: 9 | F13: 11 | G13: 8 | I13: Landscape Development
A14: 13 | B14: 10 | F14: 12 | G14: 9 | I14: Fire Fighting Work
A15: 14 | B15: 11 | F15: 13 | G15: 10
A16: 15 | B16: 12 | F16: 14 | G16: 11
B17: 13 | F17: 15 | G17: 12
B18: 14 | G18: 13
B19: 15 | G19: 14
B20: 16 | G20: 15
B21: 17 | G21: 16
B22: 18 | G22: 17
B23: 19 | G23: 18
B24: 20 | G24: 19
B25: 21 | G25: 20
B26: 22 | G26: 21
B27: 23 | G27: 22
B28: 24 | G28: 23
B29: 25 | G29: 24
... B44: 40 | G44: 39
G45: 40

Sheet Setup & Sync Guide
A1: SETUP & SYNC GUIDE
A2: Mobile field inspection · live console · Excel + Google Sheets · cloud + intranet
B4: ✓ Supervisors inspect from their phone via a Google Form. Every submit updates the CONSOLE sheet instantly — flat-wise, block-wise, floor-wise and work-wise.
B6: 1. HOW A SUPERVISOR INSPECTS (on the phone)
B7: 1) Open the inspection link (share it on WhatsApp or save to the phone home screen).
B8: 2) Enter name, then pick Block, Floor and Flat from drop-downs.
B9: 3) Pick the work being inspected (e.g. Tile Work) — the form jumps to ONLY that checklist.
B10: 4) Tap OK / NOT OK / N/A for each check. Most take a few seconds.
B11: 5) On the last page, for every NOT OK item snap a photo and name the file with the check ID (e.g. TIL-005).
B12: 6) Press Submit. Done — it appears on the Console immediately.
B14: 2. ONE-TIME SETUP (about 10 minutes, do once)
B15: A) Put this workbook in Google Sheets: upload the .xlsx to Google Drive → right-click → Open with → Google Sheets (or File → Save as Google Sheets).
B16: B) In the Sheet: Extensions → Apps Script. Delete the sample code, paste the file "JainGroup_QC_FormBuilder.gs" provided with this workbook, and click Save.
B17: C) In the toolbar choose the function buildInspectionForm and click Run. Approve the permission prompt. It builds the whole form automatically and prints the links in View → Logs.
... B43: • Keep one master copy as the source of truth once it is on cloud / intranet.

Sheet Console
A1: JAIN GROUP | N1: =IF($B$11="All","*",$B$11) -> 6
A2: QUALITY CONTROL CONSOLE · LIVE INSPECTION MONITOR | N2: =IF($E$11="All","*",$E$11) -> Podium
A3: Updates automatically every time a supervisor submits an inspection from the field | N3: =IF($H$11="All","*",$H$11) -> E
N4: =IF($K$11="All","*",$K$11) -> Putty Work
A5: CHECKS LOGGED | C5: OK / PASSED | E5: DEFECTS (NOT OK) | G5: OPEN DEFECTS | I5: RECTIFIED | K5: PASS RATE
A6: =COUNTA('Inspection Log'!$G$2:$G$5000) -> 249 | C6: =COUNTIF('Inspection Log'!$I$2:$I$5000,"OK") -> 143 | E6: =COUNTIF('Inspection Log'!$I$2:$I$5000,"NOT OK") -> 73 | G6: =COUNTIF('Inspection Log'!$I$2:$I$5000,"NOT OK")-COUNTIFS('Inspection Log'!$I$2:$I$5000,"NOT OK",'Inspection Log'!$K$2:$K$5000,"Yes") -> 73 | I6: =COUNTIFS('Inspection Log'!$I$2:$I$5000,"NOT OK",'Inspection Log'!$K$2:$K$5000,"Yes") -> 0 | K6: =IFERROR(COUNTIF('Inspection Log'!$I$2:$I$5000,"OK")/(COUNTIF('Inspection Log'!$I$2:$I$5000,"OK")+COUNTIF('Inspection Log'!$I$2:$I$5000,"NOT OK")),0) -> 0.66203704
A9: DRILL-DOWN — pick any Block / Floor / Flat / Work Type
A10: Block | D10: Floor | G10: Flat | J10: Work Type
B11: 6 | E11: Podium | H11: E | K11: Putty Work
A12: Checks | C12: OK | E12: NOT OK | G12: Open | I12: Pass Rate
A13: =COUNTIFS('Inspection Log'!$C$2:$C$5000,$N$1,'Inspection Log'!$D$2:$D$5000,$N$2,'Inspection Log'!$E$2:$E$5000,$N$3,'Inspection Log'!$F$2:$F$5000,$N$4) -> 5 | C13: =COUNTIFS('Inspection Log'!$C$2:$C$5000,$N$1,'Inspection Log'!$D$2:$D$5000,$N$2,'Inspection Log'!$E$2:$E$5000,$N$3,'Inspection Log'!$F$2:$F$5000,$N$4,'Inspection Log'!$I$2:$I$5000,"OK") -> 4 | E13: =COUNTIFS('Inspection Log'!$C$2:$C$5000,$N$1,'Inspection Log'!$D$2:$D$5000,$N$2,'Inspection Log'!$E$2:$E$5000,$N$3,'Inspection Log'!$F$2:$F$5000,$N$4,'Inspection Log'!$I$2:$I$5000,"NOT OK") -> 1 | G13: =COUNTIFS('Inspection Log'!$C$2:$C$5000,$N$1,'Inspection Log'!$D$2:$D$5000,$N$2,'Inspection Log'!$E$2:$E$5000,$N$3,'Inspection Log'!$F$2:$F$5000,$N$4,'Inspection Log'!$I$2:$I$5000,"NOT OK")-COUNTIFS('Inspection Log'!$C$2:$C$5000,$N$1,'Inspection Log'!$D$2:$D$5000,$N$2,'Inspection Log'!$E$2:$E$5000,$N$3,'Inspection Log'!$F$2:$F$5000,$N$4,'Inspection Log'!$I$2:$I$5000,"NOT OK",'Inspection Log'!$K$2:$K$5000,"Yes") -> 1 | I13: =IFERROR(COUNTIFS('Inspection Log'!$C$2:$C$5000,$N$1,'Inspection Log'!$D$2:$D$5000,$N$2,'Inspection Log'!$E$2:$E$5000,$N$3,'Inspection Log'!$F$2:$F$5000,$N$4,'Inspection Log'!$I$2:$I$5000,"OK")/(COUNTIFS('Inspection Log'!$C$2:$C$5000,$N$1,'Inspection Log'!$D$2:$D$5000,$N$2,'Inspection Log'!$E$2:$E$5000,$N$3,'Inspection Log'!$F$2:$F$5000,$N$4,'Inspection Log'!$I$2:$I$5000,"OK")+COUNTIFS('Inspection Log'!$C$2:$C$5000,$N$1,'Inspection Log'!$D$2:$D$5000,$N$2,'Inspection Log'!$E$2:$E$5000,$N$3,'Inspection Log'!$F$2:$F$5000,$N$4,'Inspection Log'!$I$2:$I$5000,"NOT OK")),0) -> 0.8
A15: STATUS BY BLOCK | G15: STATUS BY WORK CATEGORY
A16: Block | B16: Checks | C16: OK | D16: NOT OK | E16: Open | F16: Pass % | G16: Category | I16: Checks | J16: OK | K16: NOT OK | L16: Pass %
A17: 1 | B17: =COUNTIF('Inspection Log'!$C$2:$C$5000,$A17) -> 16 | C17: =COUNTIFS('Inspection Log'!$C$2:$C$5000,$A17,'Inspection Log'!$I$2:$I$5000,"OK") -> 16 | D17: =COUNTIFS('Inspection Log'!$C$2:$C$5000,$A17,'Inspection Log'!$I$2:$I$5000,"NOT OK") -> 0 | E17: =COUNTIFS('Inspection Log'!$C$2:$C$5000,$A17,'Inspection Log'!$I$2:$I$5000,"NOT OK")-COUNTIFS('Inspection Log'!$C$2:$C$5000,$A17,'Inspection Log'!$I$2:$I$5000,"NOT OK",'Inspection Log'!$K$2:$K$5000,"Yes") -> 0 | F17: =IFERROR(C17/(C17+D17),0) -> 1 | G17: RCC Work | I17: =COUNTIFS('Inspection Log'!$F$2:$F$5000,"RCC Work") -> 70 | J17: =COUNTIFS('Inspection Log'!$F$2:$F$5000,"RCC Work",'Inspection Log'!$I$2:$I$5000,"OK") -> 49 | K17: =COUNTIFS('Inspection Log'!$F$2:$F$5000,"RCC Work",'Inspection Log'!$I$2:$I$5000,"NOT OK") -> 21 | L17: =IFERROR(J17/(J17+K17),0) -> 0.7
A18: 2 | B18: =COUNTIF('Inspection Log'!$C$2:$C$5000,$A18) -> 35 | C18: =COUNTIFS('Inspection Log'!$C$2:$C$5000,$A18,'Inspection Log'!$I$2:$I$5000,"OK") -> 14 | D18: =COUNTIFS('Inspection Log'!$C$2:$C$5000,$A18,'Inspection Log'!$I$2:$I$5000,"NOT OK") -> 21 | E18: =COUNTIFS('Inspection Log'!$C$2:$C$5000,$A18,'Inspection Log'!$I$2:$I$5000,"NOT OK")-COUNTIFS('Inspection Log'!$C$2:$C$5000,$A18,'Inspection Log'!$I$2:$I$5000,"NOT OK",'Inspection Log'!$K$2:$K$5000,"Yes") -> 21 | F18: =IFERROR(C18/(C18+D18),0) -> 0.4 | G18: Masonry Work | I18: =COUNTIFS('Inspection Log'!$F$2:$F$5000,"Masonry Work") -> 5 | J18: =COUNTIFS('Inspection Log'!$F$2:$F$5000,"Masonry Work",'Inspection Log'!$I$2:$I$5000,"OK") -> 5 | K18: =COUNTIFS('Inspection Log'!$F$2:$F$5000,"Masonry Work",'Inspection Log'!$I$2:$I$5000,"NOT OK") -> 0 | L18: =IFERROR(J18/(J18+K18),0) -> 1
A19: 3 | B19: =COUNTIF('Inspection Log'!$C$2:$C$5000,$A19) -> 0 | C19: =COUNTIFS('Inspection Log'!$C$2:$C$5000,$A19,'Inspection Log'!$I$2:$I$5000,"OK") -> 0 | D19: =COUNTIFS('Inspection Log'!$C$2:$C$5000,$A19,'Inspection Log'!$I$2:$I$5000,"NOT OK") -> 0 | E19: =COUNTIFS('Inspection Log'!$C$2:$C$5000,$A19,'Inspection Log'!$I$2:$I$5000,"NOT OK")-COUNTIFS('Inspection Log'!$C$2:$C$5000,$A19,'Inspection Log'!$I$2:$I$5000,"NOT OK",'Inspection Log'!$K$2:$K$5000,"Yes") -> 0 | F19: =IFERROR(C19/(C19+D19),0) -> 0 | G19: Excavation & Earthwork | I19: =COUNTIFS('Inspection Log'!$F$2:$F$5000,"Excavation & Earthwork") -> 11 | J19: =COUNTIFS('Inspection Log'!$F$2:$F$5000,"Excavation & Earthwork",'Inspection Log'!$I$2:$I$5000,"OK") -> 11 | K19: =COUNTIFS('Inspection Log'!$F$2:$F$5000,"Excavation & Earthwork",'Inspection Log'!$I$2:$I$5000,"NOT OK") -> 0 | L19: =IFERROR(J19/(J19+K19),0) -> 1
A20: 4 | B20: =COUNTIF('Inspection Log'!$C$2:$C$5000,$A20) -> 30 | C20: =COUNTIFS('Inspection Log'!$C$2:$C$5000,$A20,'Inspection Log'!$I$2:$I$5000,"OK") -> 30 | D20: =COUNTIFS('Inspection Log'!$C$2:$C$5000,$A20,'Inspection Log'!$I$2:$I$5000,"NOT OK") -> 0 | E20: =COUNTIFS('Inspection Log'!$C$2:$C$5000,$A20,'Inspection Log'!$I$2:$I$5000,"NOT OK")-COUNTIFS('Inspection Log'!$C$2:$C$5000,$A20,'Inspection Log'!$I$2:$I$5000,"NOT OK",'Inspection Log'!$K$2:$K$5000,"Yes") -> 0 | F20: =IFERROR(C20/(C20+D20),0) -> 1 | G20: Plaster & Waterproofing | I20: =COUNTIFS('Inspection Log'!$F$2:$F$5000,"Plaster & Waterproofing") -> 0 | J20: =COUNTIFS('Inspection Log'!$F$2:$F$5000,"Plaster & Waterproofing",'Inspection Log'!$I$2:$I$5000,"OK") -> 0 | K20: =COUNTIFS('Inspection Log'!$F$2:$F$5000,"Plaster & Waterproofing",'Inspection Log'!$I$2:$I$5000,"NOT OK") -> 0 | L20: =IFERROR(J20/(J20+K20),0) -> 0
A21: 5 | B21: =COUNTIF('Inspection Log'!$C$2:$C$5000,$A21) -> 24 | C21: =COUNTIFS('Inspection Log'!$C$2:$C$5000,$A21,'Inspection Log'!$I$2:$I$5000,"OK") -> 24 | D21: =COUNTIFS('Inspection Log'!$C$2:$C$5000,$A21,'Inspection Log'!$I$2:$I$5000,"NOT OK") -> 0 | E21: =COUNTIFS('Inspection Log'!$C$2:$C$5000,$A21,'Inspection Log'!$I$2:$I$5000,"NOT OK")-COUNTIFS('Inspection Log'!$C$2:$C$5000,$A21,'Inspection Log'!$I$2:$I$5000,"NOT OK",'Inspection Log'!$K$2:$K$5000,"Yes") -> 0 | F21: =IFERROR(C21/(C21+D21),0) -> 1 | G21: Tile Work | I21: =COUNTIFS('Inspection Log'!$F$2:$F$5000,"Tile Work") -> 22 | J21: =COUNTIFS('Inspection Log'!$F$2:$F$5000,"Tile Work",'Inspection Log'!$I$2:$I$5000,"OK") -> 18 | K21: =COUNTIFS('Inspection Log'!$F$2:$F$5000,"Tile Work",'Inspection Log'!$I$2:$I$5000,"NOT OK") -> 0 | L21: =IFERROR(J21/(J21+K21),0) -> 1
A22: 6 | B22: =COUNTIF('Inspection Log'!$C$2:$C$5000,$A22) -> 8 | C22: =COUNTIFS('Inspection Log'!$C$2:$C$5000,$A22,'Inspection Log'!$I$2:$I$5000,"OK") -> 5 | D22: =COUNTIFS('Inspection Log'!$C$2:$C$5000,$A22,'Inspection Log'!$I$2:$I$5000,"NOT OK") -> 2 | E22: =COUNTIFS('Inspection Log'!$C$2:$C$5000,$A22,'Inspection Log'!$I$2:$I$5000,"NOT OK")-COUNTIFS('Inspection Log'!$C$2:$C$5000,$A22,'Inspection Log'!$I$2:$I$5000,"NOT OK",'Inspection Log'!$K$2:$K$5000,"Yes") -> 2 | F22: =IFERROR(C22/(C22+D22),0) -> 0.71428571 | G22: Putty Work | I22: =COUNTIFS('Inspection Log'!$F$2:$F$5000,"Putty Work") -> 8 | J22: =COUNTIFS('Inspection Log'!$F$2:$F$5000,"Putty Work",'Inspection Log'!$I$2:$I$5000,"OK") -> 5 | K22: =COUNTIFS('Inspection Log'!$F$2:$F$5000,"Putty Work",'Inspection Log'!$I$2:$I$5000,"NOT OK") -> 2 | L22: =IFERROR(J22/(J22+K22),0) -> 0.71428571
A23: 7 | B23: =COUNTIF('Inspection Log'!$C$2:$C$5000,$A23) -> 5 | C23: =COUNTIFS('Inspection Log'!$C$2:$C$5000,$A23,'Inspection Log'!$I$2:$I$5000,"OK") -> 5 | D23: =COUNTIFS('Inspection Log'!$C$2:$C$5000,$A23,'Inspection Log'!$I$2:$I$5000,"NOT OK") -> 0 | E23: =COUNTIFS('Inspection Log'!$C$2:$C$5000,$A23,'Inspection Log'!$I$2:$I$5000,"NOT OK")-COUNTIFS('Inspection Log'!$C$2:$C$5000,$A23,'Inspection Log'!$I$2:$I$5000,"NOT OK",'Inspection Log'!$K$2:$K$5000,"Yes") -> 0 | F23: =IFERROR(C23/(C23+D23),0) -> 1 | G23: Electrical Work | I23: =COUNTIFS('Inspection Log'!$F$2:$F$5000,"Electrical Work") -> 0 | J23: =COUNTIFS('Inspection Log'!$F$2:$F$5000,"Electrical Work",'Inspection Log'!$I$2:$I$5000,"OK") -> 0 | K23: =COUNTIFS('Inspection Log'!$F$2:$F$5000,"Electrical Work",'Inspection Log'!$I$2:$I$5000,"NOT OK") -> 0 | L23: =IFERROR(J23/(J23+K23),0) -> 0
A24: 8 | B24: =COUNTIF('Inspection Log'!$C$2:$C$5000,$A24) -> 0 | C24: =COUNTIFS('Inspection Log'!$C$2:$C$5000,$A24,'Inspection Log'!$I$2:$I$5000,"OK") -> 0 | D24: =COUNTIFS('Inspection Log'!$C$2:$C$5000,$A24,'Inspection Log'!$I$2:$I$5000,"NOT OK") -> 0 | E24: =COUNTIFS('Inspection Log'!$C$2:$C$5000,$A24,'Inspection Log'!$I$2:$I$5000,"NOT OK")-COUNTIFS('Inspection Log'!$C$2:$C$5000,$A24,'Inspection Log'!$I$2:$I$5000,"NOT OK",'Inspection Log'!$K$2:$K$5000,"Yes") -> 0 | F24: =IFERROR(C24/(C24+D24),0) -> 0 | G24: Plumbing Work | I24: =COUNTIFS('Inspection Log'!$F$2:$F$5000,"Plumbing Work") -> 31 | J24: =COUNTIFS('Inspection Log'!$F$2:$F$5000,"Plumbing Work",'Inspection Log'!$I$2:$I$5000,"OK") -> 0 | K24: =COUNTIFS('Inspection Log'!$F$2:$F$5000,"Plumbing Work",'Inspection Log'!$I$2:$I$5000,"NOT OK") -> 31 | L24: =IFERROR(J24/(J24+K24),0) -> 0
A25: 9 | B25: =COUNTIF('Inspection Log'!$C$2:$C$5000,$A25) -> 21 | C25: =COUNTIFS('Inspection Log'!$C$2:$C$5000,$A25,'Inspection Log'!$I$2:$I$5000,"OK") -> 21 | D25: =COUNTIFS('Inspection Log'!$C$2:$C$5000,$A25,'Inspection Log'!$I$2:$I$5000,"NOT OK") -> 0 | E25: =COUNTIFS('Inspection Log'!$C$2:$C$5000,$A25,'Inspection Log'!$I$2:$I$5000,"NOT OK")-COUNTIFS('Inspection Log'!$C$2:$C$5000,$A25,'Inspection Log'!$I$2:$I$5000,"NOT OK",'Inspection Log'!$K$2:$K$5000,"Yes") -> 0 | F25: =IFERROR(C25/(C25+D25),0) -> 1 | G25: False Ceiling Work | I25: =COUNTIFS('Inspection Log'!$F$2:$F$5000,"False Ceiling Work") -> 21 | J25: =COUNTIFS('Inspection Log'!$F$2:$F$5000,"False Ceiling Work",'Inspection Log'!$I$2:$I$5000,"OK") -> 21 | K25: =COUNTIFS('Inspection Log'!$F$2:$F$5000,"False Ceiling Work",'Inspection Log'!$I$2:$I$5000,"NOT OK") -> 0 | L25: =IFERROR(J25/(J25+K25),0) -> 1
A26: 10 | B26: =COUNTIF('Inspection Log'!$C$2:$C$5000,$A26) -> 22 | C26: =COUNTIFS('Inspection Log'!$C$2:$C$5000,$A26,'Inspection Log'!$I$2:$I$5000,"OK") -> 18 | D26: =COUNTIFS('Inspection Log'!$C$2:$C$5000,$A26,'Inspection Log'!$I$2:$I$5000,"NOT OK") -> 0 | E26: =COUNTIFS('Inspection Log'!$C$2:$C$5000,$A26,'Inspection Log'!$I$2:$I$5000,"NOT OK")-COUNTIFS('Inspection Log'!$C$2:$C$5000,$A26,'Inspection Log'!$I$2:$I$5000,"NOT OK",'Inspection Log'!$K$2:$K$5000,"Yes") -> 0 | F26: =IFERROR(C26/(C26+D26),0) -> 1 | G26: Paint Work | I26: =COUNTIFS('Inspection Log'!$F$2:$F$5000,"Paint Work") -> 0 | J26: =COUNTIFS('Inspection Log'!$F$2:$F$5000,"Paint Work",'Inspection Log'!$I$2:$I$5000,"OK") -> 0 | K26: =COUNTIFS('Inspection Log'!$F$2:$F$5000,"Paint Work",'Inspection Log'!$I$2:$I$5000,"NOT OK") -> 0 | L26: =IFERROR(J26/(J26+K26),0) -> 0
A27: 11 | B27: =COUNTIF('Inspection Log'!$C$2:$C$5000,$A27) -> 31 | C27: =COUNTIFS('Inspection Log'!$C$2:$C$5000,$A27,'Inspection Log'!$I$2:$I$5000,"OK") -> 0 | D27: =COUNTIFS('Inspection Log'!$C$2:$C$5000,$A27,'Inspection Log'!$I$2:$I$5000,"NOT OK") -> 31 | E27: =COUNTIFS('Inspection Log'!$C$2:$C$5000,$A27,'Inspection Log'!$I$2:$I$5000,"NOT OK")-COUNTIFS('Inspection Log'!$C$2:$C$5000,$A27,'Inspection Log'!$I$2:$I$5000,"NOT OK",'Inspection Log'!$K$2:$K$5000,"Yes") -> 31 | F27: =IFERROR(C27/(C27+D27),0) -> 0 | G27: Landscape Development | I27: =COUNTIFS('Inspection Log'!$F$2:$F$5000,"Landscape Development") -> 48 | J27: =COUNTIFS('Inspection Log'!$F$2:$F$5000,"Landscape Development",'Inspection Log'!$I$2:$I$5000,"OK") -> 28 | K27: =COUNTIFS('Inspection Log'!$F$2:$F$5000,"Landscape Development",'Inspection Log'!$I$2:$I$5000,"NOT OK") -> 8 | L27: =IFERROR(J27/(J27+K27),0) -> 0.77777778
A28: 12 | B28: =COUNTIF('Inspection Log'!$C$2:$C$5000,$A28) -> 0 | C28: =COUNTIFS('Inspection Log'!$C$2:$C$5000,$A28,'Inspection Log'!$I$2:$I$5000,"OK") -> 0 | D28: =COUNTIFS('Inspection Log'!$C$2:$C$5000,$A28,'Inspection Log'!$I$2:$I$5000,"NOT OK") -> 0 | E28: =COUNTIFS('Inspection Log'!$C$2:$C$5000,$A28,'Inspection Log'!$I$2:$I$5000,"NOT OK")-COUNTIFS('Inspection Log'!$C$2:$C$5000,$A28,'Inspection Log'!$I$2:$I$5000,"NOT OK",'Inspection Log'!$K$2:$K$5000,"Yes") -> 0 | F28: =IFERROR(C28/(C28+D28),0) -> 0 | G28: Fire Fighting Work | I28: =COUNTIFS('Inspection Log'!$F$2:$F$5000,"Fire Fighting Work") -> 33 | J28: =COUNTIFS('Inspection Log'!$F$2:$F$5000,"Fire Fighting Work",'Inspection Log'!$I$2:$I$5000,"OK") -> 6 | K28: =COUNTIFS('Inspection Log'!$F$2:$F$5000,"Fire Fighting Work",'Inspection Log'!$I$2:$I$5000,"NOT OK") -> 11 | L28: =IFERROR(J28/(J28+K28),0) -> 0.35294118
A29: 13 | B29: =COUNTIF('Inspection Log'!$C$2:$C$5000,$A29) -> 0 | C29: =COUNTIFS('Inspection Log'!$C$2:$C$5000,$A29,'Inspection Log'!$I$2:$I$5000,"OK") -> 0 | D29: =COUNTIFS('Inspection Log'!$C$2:$C$5000,$A29,'Inspection Log'!$I$2:$I$5000,"NOT OK") -> 0 | E29: =COUNTIFS('Inspection Log'!$C$2:$C$5000,$A29,'Inspection Log'!$I$2:$I$5000,"NOT OK")-COUNTIFS('Inspection Log'!$C$2:$C$5000,$A29,'Inspection Log'!$I$2:$I$5000,"NOT OK",'Inspection Log'!$K$2:$K$5000,"Yes") -> 0 | F29: =IFERROR(C29/(C29+D29),0) -> 0
A30: 14 | B30: =COUNTIF('Inspection Log'!$C$2:$C$5000,$A30) -> 24 | C30: =COUNTIFS('Inspection Log'!$C$2:$C$5000,$A30,'Inspection Log'!$I$2:$I$5000,"OK") -> 4 | D30: =COUNTIFS('Inspection Log'!$C$2:$C$5000,$A30,'Inspection Log'!$I$2:$I$5000,"NOT OK") -> 8 | E30: =COUNTIFS('Inspection Log'!$C$2:$C$5000,$A30,'Inspection Log'!$I$2:$I$5000,"NOT OK")-COUNTIFS('Inspection Log'!$C$2:$C$5000,$A30,'Inspection Log'!$I$2:$I$5000,"NOT OK",'Inspection Log'!$K$2:$K$5000,"Yes") -> 8 | F30: =IFERROR(C30/(C30+D30),0) -> 0.33333333
A31: 15 | B31: =COUNTIF('Inspection Log'!$C$2:$C$5000,$A31) -> 33 | C31: =COUNTIFS('Inspection Log'!$C$2:$C$5000,$A31,'Inspection Log'!$I$2:$I$5000,"OK") -> 6 | D31: =COUNTIFS('Inspection Log'!$C$2:$C$5000,$A31,'Inspection Log'!$I$2:$I$5000,"NOT OK") -> 11 | E31: =COUNTIFS('Inspection Log'!$C$2:$C$5000,$A31,'Inspection Log'!$I$2:$I$5000,"NOT OK")-COUNTIFS('Inspection Log'!$C$2:$C$5000,$A31,'Inspection Log'!$I$2:$I$5000,"NOT OK",'Inspection Log'!$K$2:$K$5000,"Yes") -> 11 | F31: =IFERROR(C31/(C31+D31),0) -> 0.35294118
A33: OPEN DEFECTS (Block · Floor · Flat · Item · Check · Photo)
A34: Block | B34: Floor | C34: Flat | D34: Category | E34: Item ID | F34: Inspection Check | G34: Status | H34: Defect Photo
A35: =IFERROR(__xludf.DUMMYFUNCTION("IFERROR(filter('Inspection Log'!C2:J5000,('Inspection Log'!I2:I5000=""NOT OK"")*('Inspection Log'!K2:K5000<>""Yes"")),""No open defects logged yet — all clear"")"),"#REF!") -> #REF!
A48: QUICK NAVIGATION
A49: 📋 Checklist Master (questions) | D49: 🗂 Inspection Log | G49: 🎬 Training Library | J49: ⚙ Setup & Sync Guide

Sheet Master Checklist
A1: Block | B1: Floor | C1: Flat | D1: Item ID | E1: Work Category | F1: Stage | G1: Inspection Check | H1: Acceptance Criteria / Standard | I1: Status | J1: Date | K1: Checked By | L1: Remarks / Observations | M1: Training Video / Reference | N1: Source Files | O1: Ageing (Days) | P1: Defect Photo | Q1: Rectified? | R1: Rectified Date | S1: Rectified Photo | T1: Rectification Remarks
D2: RCC-001 | E2: RCC Work | F2: Post-pour | G2: Dimensions: length, breadth, depth as per drawing. | H2: Tolerance ±5mm linear; ±10mm in level. | I2: Pending | N2: CHECKLIST.xlsx; Quality Checklist.xlsx | O2: =IF($I2="OK","",IF($I2="N/A","",IF($J2="","",MAX(0,TODAY()-$J2))))
D3: RCC-002 | E3: RCC Work | F3: Reinforcement | G3: Check is the bar bending schedule is prepared and approved by the site Engineer. | H3: Requirement verified and observation recorded as per approved project specification. | I3: Pending | M3: ▶ Watch (2 videos) | N3: CHECKLIST.xlsx | O3: =IF($I3="OK","",IF($I3="N/A","",IF($J3="","",MAX(0,TODAY()-$J3))))
D4: RCC-003 | E4: RCC Work | F4: Reinforcement | G4: Check for correct cutting & bending of bars as per approved BBS. | H4: Requirement verified and observation recorded as per approved project specification. | I4: Pending | M4: ▶ Watch (2 videos) | N4: CHECKLIST.xlsx | O4: =IF($I4="OK","",IF($I4="N/A","",IF($J4="","",MAX(0,TODAY()-$J4))))
D5: RCC-004 | E5: RCC Work | F5: Reinforcement | G5: Check bar diameter, shapes of bar, dimension of bars & number of bars as per BBS. | H5: Requirement verified and observation recorded as per approved project specification. | I5: Pending | M5: ▶ Watch (2 videos) | N5: CHECKLIST.xlsx | O5: =IF($I5="OK","",IF($I5="N/A","",IF($J5="","",MAX(0,TODAY()-$J5))))
D6: RCC-005 | E6: RCC Work | F6: Reinforcement | G6: Check identification tags is attached. | H6: Requirement verified and observation recorded as per approved project specification. | I6: Pending | M6: ▶ Watch (2 videos) | N6: CHECKLIST.xlsx | O6: =IF($I6="OK","",IF($I6="N/A","",IF($J6="","",MAX(0,TODAY()-$J6))))
D7: RCC-006 | E7: RCC Work | F7: Reinforcement | G7: Check for cleanliness of bars from any oil, grease, soil & rust. | H7: Requirement verified and observation recorded as per approved project specification. | I7: Pending | M7: ▶ Watch (2 videos) | N7: CHECKLIST.xlsx | O7: =IF($I7="OK","",IF($I7="N/A","",IF($J7="","",MAX(0,TODAY()-$J7))))
D8: RCC-007 | E8: RCC Work | F8: Reinforcement | G8: Check for satisfactory tying of reinforcement with binding wire. | H8: Requirement verified and observation recorded as per approved project specification. | I8: Pending | M8: ▶ Watch (2 videos) | N8: CHECKLIST.xlsx | O8: =IF($I8="OK","",IF($I8="N/A","",IF($J8="","",MAX(0,TODAY()-$J8))))
D9: RCC-008 | E9: RCC Work | F9: Reinforcement | G9: Check for location of service conduits. | H9: Requirement verified and observation recorded as per approved project specification. | I9: Pending | M9: ▶ Watch (2 videos) | N9: CHECKLIST.xlsx | O9: =IF($I9="OK","",IF($I9="N/A","",IF($J9="","",MAX(0,TODAY()-$J9))))
D10: RCC-009 | E10: RCC Work | F10: Reinforcement | G10: Check for readiness of reinforcement for release for concreting. | H10: Requirement verified and observation recorded as per approved project specification. | I10: Pending | M10: ▶ Watch (2 videos) | N10: CHECKLIST.xlsx | O10: =IF($I10="OK","",IF($I10="N/A","",IF($J10="","",MAX(0,TODAY()-$J10))))
D11: RCC-010 | E11: RCC Work | F11: Concrete Pour | G11: Slump test at pour location. | H11: Within specified range (75–125mm typical); record value. | I11: Pending | M11: ▶ Watch Video | N11: CHECKLIST.xlsx; Quality Checklist.xlsx | O11: =IF($I11="OK","",IF($I11="N/A","",IF($J11="","",MAX(0,TODAY()-$J11))))
D12: RCC-011 | E12: RCC Work | F12: Concreting | G12: Is continuous flow of concrete ensured. | H12: Requirement verified and observation recorded as per approved project specification. | I12: Pending | N12: CHECKLIST.xlsx | O12: =IF($I12="OK","",IF($I12="N/A","",IF($J12="","",MAX(0,TODAY()-$J12))))
D13: RCC-012 | E13: RCC Work | F13: Concreting | G13: Check for transportation & placement of concrete. Is it ok? | H13: Requirement verified and observation recorded as per approved project specification. | I13: Pending | N13: CHECKLIST.xlsx | O13: =IF($I13="OK","",IF($I13="N/A","",IF($J13="","",MAX(0,TODAY()-$J13))))
D14: RCC-013 | E14: RCC Work | F14: Concreting | G14: Check whether vibration being done till concrete packs tightly against all surface, reinforcement and embedments. | H14: Requirement verified and observation recorded as per approved project specification. | I14: Pending | M14: ▶ Watch (2 videos) | N14: CHECKLIST.xlsx | O14: =IF($I14="OK","",IF($I14="N/A","",IF($J14="","",MAX(0,TODAY()-$J14))))
D15: RCC-014 | E15: RCC Work | F15: Concreting | G15: Is blending of concrete poured in separated layers being ensured? | H15: Requirement verified and observation recorded as per approved project specification. | I15: Pending | N15: CHECKLIST.xlsx | O15: =IF($I15="OK","",IF($I15="N/A","",IF($J15="","",MAX(0,TODAY()-$J15))))
D16: RCC-015 | E16: RCC Work | F16: Concreting | G16: Is concrete consumed within initial setting time of cement. | H16: Requirement verified and observation recorded as per approved project specification. | I16: Pending | N16: CHECKLIST.xlsx | O16: =IF($I16="OK","",IF($I16="N/A","",IF($J16="","",MAX(0,TODAY()-$J16))))
D17: RCC-016 | E17: RCC Work | F17: Concreting | G17: Check for positions of construction joint. Is it ok? | H17: Requirement verified and observation recorded as per approved project specification. | I17: Pending | N17: CHECKLIST.xlsx | O17: =IF($I17="OK","",IF($I17="N/A","",IF($J17="","",MAX(0,TODAY()-$J17))))
D18: RCC-017 | E18: RCC Work | F18: Concreting | G18: Check for leveling and finishing of concrete surface. | H18: Line, level, and plumb are within project tolerance. | I18: Pending | N18: CHECKLIST.xlsx | O18: =IF($I18="OK","",IF($I18="N/A","",IF($J18="","",MAX(0,TODAY()-$J18))))
D19: RCC-018 | E19: RCC Work | F19: Concreting | G19: Check the quantity of concrete of poured match with theoretical qty. | H19: Requirement verified and observation recorded as per approved project specification. | I19: Pending | N19: CHECKLIST.xlsx | O19: =IF($I19="OK","",IF($I19="N/A","",IF($J19="","",MAX(0,TODAY()-$J19))))
D20: RCC-019 | E20: RCC Work | F20: Concreting | G20: Check the start time and end time of concreting. | H20: Requirement verified and observation recorded as per approved project specification. | I20: Pending | N20: CHECKLIST.xlsx | O20: =IF($I20="OK","",IF($I20="N/A","",IF($J20="","",MAX(0,TODAY()-$J20))))
D21: RCC-020 | E21: RCC Work | F21: Concrete Pour | G21: Cube samples cast (6 numbers / 50 m³). | H21: Stored & cured per IS 516; tagged with date/location. Also verify: ≥ 65% (7d) & 100% (28d) of design strength. | I21: Pending | M21: ▶ Watch (2 videos) | N21: CHECKLIST.xlsx; Quality Checklist.xlsx | O21: =IF($I21="OK","",IF($I21="N/A","",IF($J21="","",MAX(0,TODAY()-$J21))))
D22: RCC-021 | E22: RCC Work | F22: Pre-pour: Shuttering | G22: Shuttering material (ply / steel) condition. | H22: No damage, no warping; ply min 12mm, oiled. | I22: Pending | M22: ▶ Watch (3 videos) | N22: Quality Checklist.xlsx | O22: =IF($I22="OK","",IF($I22="N/A","",IF($J22="","",MAX(0,TODAY()-$J22))))
D23: RCC-022 | E23: RCC Work | F23: Pre-pour: Shuttering | G23: Line, level & plumb of formwork. | H23: Plumb deviation ≤ 1:1000; level within ±3mm/m. | I23: Pending | M23: ▶ Watch Video | N23: Quality Checklist.xlsx | O23: =IF($I23="OK","",IF($I23="N/A","",IF($J23="","",MAX(0,TODAY()-$J23))))
D24: RCC-023 | E24: RCC Work | F24: Pre-pour: Shuttering | G24: Props, bracing & supports adequacy. | H24: As per design; no deflection under load. | I24: Pending | M24: ▶ Watch Video | N24: Quality Checklist.xlsx | O24: =IF($I24="OK","",IF($I24="N/A","",IF($J24="","",MAX(0,TODAY()-$J24))))
D25: RCC-024 | E25: RCC Work | F25: Pre-pour: Shuttering | G25: Cleaning of formwork (no debris, dust, water). | H25: Surface clean & blown dry. | I25: Pending | M25: ▶ Watch Video | N25: Quality Checklist.xlsx | O25: =IF($I25="OK","",IF($I25="N/A","",IF($J25="","",MAX(0,TODAY()-$J25))))
D26: RCC-025 | E26: RCC Work | F26: Pre-pour: Shuttering | G26: Shuttering oil / release agent application. | H26: Uniform thin coat; no pooling on reinforcement. | I26: Pending | M26: ▶ Watch (3 videos) | N26: Quality Checklist.xlsx | O26: =IF($I26="OK","",IF($I26="N/A","",IF($J26="","",MAX(0,TODAY()-$J26))))
D27: RCC-026 | E27: RCC Work | F27: Pre-pour: Shuttering | G27: Joints sealed (no slurry leakage points). | H27: Tight joints; tape / foam strip at gaps. | I27: Pending | M27: ▶ Watch Video | N27: Quality Checklist.xlsx | O27: =IF($I27="OK","",IF($I27="N/A","",IF($J27="","",MAX(0,TODAY()-$J27))))
D28: RCC-027 | E28: RCC Work | F28: Pre-pour: Reinforcement | G28: Steel grade & make verification (TMT Fe-500/550D). | H28: As per approved make list & test certificate. | I28: Pending | M28: ▶ Watch (2 videos) | N28: Quality Checklist.xlsx | O28: =IF($I28="OK","",IF($I28="N/A","",IF($J28="","",MAX(0,TODAY()-$J28))))
D29: RCC-028 | E29: RCC Work | F29: Pre-pour: Reinforcement | G29: Bar diameter, number & spacing as per BBS. | H29: As per approved drawing / BBS. | I29: Pending | M29: ▶ Watch (2 videos) | N29: Quality Checklist.xlsx | O29: =IF($I29="OK","",IF($I29="N/A","",IF($J29="","",MAX(0,TODAY()-$J29))))
D30: RCC-029 | E30: RCC Work | F30: Pre-pour: Reinforcement | G30: Lap length & lap location. | H30: ≥ 50d for compression / as per drawing; staggered ≥600mm. | I30: Pending | M30: ▶ Watch (2 videos) | N30: Quality Checklist.xlsx | O30: =IF($I30="OK","",IF($I30="N/A","",IF($J30="","",MAX(0,TODAY()-$J30))))
D31: RCC-030 | E31: RCC Work | F31: Pre-pour: Reinforcement | G31: Cover blocks (cement / PVC) — type, size, spacing. | H31: PCC cover blocks; spacing ≤ 1m c/c both ways. | I31: Pending | M31: ▶ Watch (2 videos) | N31: Quality Checklist.xlsx | O31: =IF($I31="OK","",IF($I31="N/A","",IF($J31="","",MAX(0,TODAY()-$J31))))
D32: RCC-031 | E32: RCC Work | F32: Pre-pour: Reinforcement | G32: Clear cover provided. | H32: Slab 20mm / Beam 25mm / Column 40mm / Footing 50mm. | I32: Pending | M32: ▶ Watch (2 videos) | N32: Quality Checklist.xlsx | O32: =IF($I32="OK","",IF($I32="N/A","",IF($J32="","",MAX(0,TODAY()-$J32))))
... D37: RCC-036 | E37: RCC Work | F37: Pre-pour: Embedments | G37: Electrical / plumbing conduits & sleeves in place. | H37: As per approved MEP drawing; tied to rebar. | I37: Pending | M37: ▶ Watch (2 videos) | N37: Quality Checklist.xlsx | O37: =IF($I37="OK","",IF($I37="N/A","",IF($J37="","",MAX(0,TODAY()-$J37))))
D38: RCC-037 | E38: RCC Work | F38: Pre-pour: Embedments | G38: Box-outs, pockets, inserts for fixtures. | H38: Position & size verified vs. drawing. | I38: Pending | N38: Quality Checklist.xlsx | O38: =IF($I38="OK","",IF($I38="N/A","",IF($J38="","",MAX(0,TODAY()-$J38))))
D39: RCC-038 | E39: RCC Work | F39: Pre-pour: Embedments | G39: Construction joint preparation (laitance removed). | H39: Hacked & cleaned; bonding agent applied. | I39: Pending | N39: Quality Checklist.xlsx | O39: =IF($I39="OK","",IF($I39="N/A","",IF($J39="","",MAX(0,TODAY()-$J39))))
D40: RCC-039 | E40: RCC Work | F40: Concrete Pour | G40: Concrete grade & mix verification. | H40: As per design (M25/M30/M35…); approved mix design. | I40: Pending | N40: Quality Checklist.xlsx | O40: =IF($I40="OK","",IF($I40="N/A","",IF($J40="","",MAX(0,TODAY()-$J40))))
D41: RCC-040 | E41: RCC Work | F41: Concrete Pour | G41: Pour sequence & layering thickness. | H41: Lifts ≤ 300mm; no cold joint formation. | I41: Pending | N41: Quality Checklist.xlsx | O41: =IF($I41="OK","",IF($I41="N/A","",IF($J41="","",MAX(0,TODAY()-$J41))))
D42: RCC-041 | E42: RCC Work | F42: Concrete Pour | G42: Vibration — needle / external. | H42: Until air bubbles cease; no segregation. | I42: Pending | N42: Quality Checklist.xlsx | O42: =IF($I42="OK","",IF($I42="N/A","",IF($J42="","",MAX(0,TODAY()-$J42))))
D43: RCC-042 | E43: RCC Work | F43: Concrete Pour | G43: Free fall height of concrete. | H43: ≤ 1.5 m (use chute / pump line if higher). | I43: Pending | N43: Quality Checklist.xlsx | O43: =IF($I43="OK","",IF($I43="N/A","",IF($J43="","",MAX(0,TODAY()-$J43))))
D44: RCC-043 | E44: RCC Work | F44: Concrete Pour | G44: Top finishing — level, screeding, floating. | H44: Level within ±3mm; no surface laitance. | I44: Pending | N44: Quality Checklist.xlsx | O44: =IF($I44="OK","",IF($I44="N/A","",IF($J44="","",MAX(0,TODAY()-$J44))))
D45: RCC-044 | E45: RCC Work | F45: Concrete Pour | G45: Weather conditions monitored (temp/rain). | H45: No pour in heavy rain; protect if ambient > 35°C. | I45: Pending | N45: Quality Checklist.xlsx | O45: =IF($I45="OK","",IF($I45="N/A","",IF($J45="","",MAX(0,TODAY()-$J45))))
D46: RCC-045 | E46: RCC Work | F46: Post-pour | G46: Curing started within 6–12 hrs. | H46: Wet jute / ponding / curing compound applied. Also verify: Min 14 days continuous (28 days where structural). | I46: Pending | N46: Quality Checklist.xlsx | O46: =IF($I46="OK","",IF($I46="N/A","",IF($J46="","",MAX(0,TODAY()-$J46))))
D47: RCC-046 | E47: RCC Work | F47: Post-pour | G47: Shuttering striking time observed. | H47: Vertical: 24–48h; Slab soffit 7d; Beam soffit 14d. | I47: Pending | M47: ▶ Watch Video | N47: Quality Checklist.xlsx | O47: =IF($I47="OK","",IF($I47="N/A","",IF($J47="","",MAX(0,TODAY()-$J47))))
D48: RCC-047 | E48: RCC Work | F48: Post-pour | G48: Surface inspection — honeycomb, voids, cracks. | H48: No structural honeycomb; repairs only with approval. | I48: Pending | N48: Quality Checklist.xlsx | O48: =IF($I48="OK","",IF($I48="N/A","",IF($J48="","",MAX(0,TODAY()-$J48))))
D49: MAS-001 | E49: Masonry Work | F49: Pre-work | G49: Check is the Drawing, Specification & method statement approved by the consultant. | H49: Approved drawing, specification, and method statement are available and followed. | I49: Pending | M49: ▶ Watch (3 videos) | N49: CHECKLIST.xlsx | O49: =IF($I49="OK","",IF($I49="N/A","",IF($J49="","",MAX(0,TODAY()-$J49))))
D50: MAS-002 | E50: Masonry Work | F50: Pre-work | G50: Check whether type and material for Masonry work has been decided. | H50: Requirement verified and observation recorded as per approved project specification. | I50: Pending | M50: ▶ Watch (3 videos) | N50: CHECKLIST.xlsx | O50: =IF($I50="OK","",IF($I50="N/A","",IF($J50="","",MAX(0,TODAY()-$J50))))
D51: MAS-003 | E51: Masonry Work | F51: Pre-work | G51: Check for availability of material as per the daily requirement. | H51: Required materials are available before the planned activity starts. | I51: Pending | M51: ▶ Watch (3 videos) | N51: CHECKLIST.xlsx | O51: =IF($I51="OK","",IF($I51="N/A","",IF($J51="","",MAX(0,TODAY()-$J51))))
D52: MAS-004 | E52: Masonry Work | F52: Pre-work | G52: Check is the area clean of loose material and concrete. | H52: Requirement verified and observation recorded as per approved project specification. | I52: Pending | M52: ▶ Watch (3 videos) | N52: CHECKLIST.xlsx | O52: =IF($I52="OK","",IF($I52="N/A","",IF($J52="","",MAX(0,TODAY()-$J52))))
D53: MAS-005 | E53: Masonry Work | F53: Pre-work | G53: Check for proper staking of bricks / AAC block. | H53: Requirement verified and observation recorded as per approved project specification. | I53: Pending | M53: ▶ Watch (3 videos) | N53: CHECKLIST.xlsx | O53: =IF($I53="OK","",IF($I53="N/A","",IF($J53="","",MAX(0,TODAY()-$J53))))
D54: MAS-006 | E54: Masonry Work | F54: Pre-work | G54: Check for quality of brick, cement & Sand. | H54: Requirement verified and observation recorded as per approved project specification. | I54: Pending | M54: ▶ Watch (3 videos) | N54: CHECKLIST.xlsx | O54: =IF($I54="OK","",IF($I54="N/A","",IF($J54="","",MAX(0,TODAY()-$J54))))
D55: MAS-007 | E55: Masonry Work | F55: Pre-work | G55: Check for wetting of bricks. | H55: Bricks or blocks are adequately wetted before laying, where applicable. | I55: Pending | M55: ▶ Watch (3 videos) | N55: CHECKLIST.xlsx | O55: =IF($I55="OK","",IF($I55="N/A","",IF($J55="","",MAX(0,TODAY()-$J55))))
D56: MAS-008 | E56: Masonry Work | F56: Pre-work | G56: Check for the proportion of mortar mixing ratio. | H56: Mixing and proportioning follow the approved specification. | I56: Pending | M56: ▶ Watch (3 videos) | N56: CHECKLIST.xlsx | O56: =IF($I56="OK","",IF($I56="N/A","",IF($J56="","",MAX(0,TODAY()-$J56))))
D57: MAS-009 | E57: Masonry Work | F57: Masonry Execution | G57: Check for size of doors and window opening. | H57: Requirement verified and observation recorded as per approved project specification. | I57: Pending | M57: ▶ Watch (3 videos) | N57: CHECKLIST.xlsx | O57: =IF($I57="OK","",IF($I57="N/A","",IF($J57="","",MAX(0,TODAY()-$J57))))
D58: MAS-010 | E58: Masonry Work | F58: Masonry Execution | G58: Check for margins left for plastering jobs. | H58: Requirement verified and observation recorded as per approved project specification. | I58: Pending | M58: ▶ Watch (3 videos) | N58: CHECKLIST.xlsx | O58: =IF($I58="OK","",IF($I58="N/A","",IF($J58="","",MAX(0,TODAY()-$J58))))
D59: MAS-011 | E59: Masonry Work | F59: Masonry Execution | G59: Check for dry mixing on hard and clean surface before adding water to mix proportion of mortar. | H59: Mixing and proportioning follow the approved specification. | I59: Pending | M59: ▶ Watch (3 videos) | N59: CHECKLIST.xlsx | O59: =IF($I59="OK","",IF($I59="N/A","",IF($J59="","",MAX(0,TODAY()-$J59))))
D60: MAS-012 | E60: Masonry Work | F60: Masonry Execution | G60: Check for plumb, line & level. | H60: Line, level, and plumb are within project tolerance. | I60: Pending | M60: ▶ Watch (3 videos) | N60: CHECKLIST.xlsx | O60: =IF($I60="OK","",IF($I60="N/A","",IF($J60="","",MAX(0,TODAY()-$J60))))
... D64: MAS-016 | E64: Masonry Work | F64: Masonry Execution | G64: Check for defects if any urgently rectification required. | H64: Defects are recorded and rectified before proceeding to the next activity. | I64: Pending | M64: ▶ Watch (3 videos) | N64: CHECKLIST.xlsx | O64: =IF($I64="OK","",IF($I64="N/A","",IF($J64="","",MAX(0,TODAY()-$J64))))
D65: EXC-001 | E65: Excavation & Earthwork | F65: Excavation | G65: Check whether soil investigation report/drawing studied by concerned Consultant. | H65: Approved drawing, specification, and method statement are available and followed. | I65: Pending | N65: CHECKLIST.xlsx | O65: =IF($I65="OK","",IF($I65="N/A","",IF($J65="","",MAX(0,TODAY()-$J65))))
D66: EXC-002 | E66: Excavation & Earthwork | F66: Excavation | G66: Is excavation plan approved by Engineer/Consultant. | H66: Requirement verified and observation recorded as per approved project specification. | I66: Pending | N66: CHECKLIST.xlsx | O66: =IF($I66="OK","",IF($I66="N/A","",IF($J66="","",MAX(0,TODAY()-$J66))))
D67: EXC-003 | E67: Excavation & Earthwork | F67: Excavation | G67: Check the layout, Alignment and size of excavation marked on the ground as per excavation plan. | H67: Requirement verified and observation recorded as per approved project specification. | I67: Pending | N67: CHECKLIST.xlsx | O67: =IF($I67="OK","",IF($I67="N/A","",IF($J67="","",MAX(0,TODAY()-$J67))))
D68: EXC-004 | E68: Excavation & Earthwork | F68: Excavation | G68: Check Is there any underground utilities like sewers,water pipeline, cable etc is exist. | H68: Line, level, and plumb are within project tolerance. | I68: Pending | N68: CHECKLIST.xlsx | O68: =IF($I68="OK","",IF($I68="N/A","",IF($J68="","",MAX(0,TODAY()-$J68))))
D69: EXC-005 | E69: Excavation & Earthwork | F69: Excavation | G69: Check the area on excavation is clean & clear of bushes, vegetation & tree. | H69: Requirement verified and observation recorded as per approved project specification. | I69: Pending | N69: CHECKLIST.xlsx | O69: =IF($I69="OK","",IF($I69="N/A","",IF($J69="","",MAX(0,TODAY()-$J69))))
D70: EXC-006 | E70: Excavation & Earthwork | F70: Excavation | G70: Check whether the excavated pit are adequately shored/timbered/safe slopes provided. | H70: Requirement verified and observation recorded as per approved project specification. | I70: Pending | N70: CHECKLIST.xlsx | O70: =IF($I70="OK","",IF($I70="N/A","",IF($J70="","",MAX(0,TODAY()-$J70))))
D71: EXC-007 | E71: Excavation & Earthwork | F71: Excavation | G71: Check where barricading & Caution signs are provided for deep excavation. | H71: Barricading and caution signage are provided before work proceeds. | I71: Pending | N71: CHECKLIST.xlsx | O71: =IF($I71="OK","",IF($I71="N/A","",IF($J71="","",MAX(0,TODAY()-$J71))))
D72: EXC-008 | E72: Excavation & Earthwork | F72: Excavation | G72: Check whether excavated material is kept away at least 1.5 mtr from the edge of the pit. | H72: Requirement verified and observation recorded as per approved project specification. | I72: Pending | N72: CHECKLIST.xlsx | O72: =IF($I72="OK","",IF($I72="N/A","",IF($J72="","",MAX(0,TODAY()-$J72))))
D73: EXC-009 | E73: Excavation & Earthwork | F73: Excavation | G73: Make sure to keep away heavy equipment atleast 6.00 mtr from the pit. | H73: Requirement verified and observation recorded as per approved project specification. | I73: Pending | N73: CHECKLIST.xlsx | O73: =IF($I73="OK","",IF($I73="N/A","",IF($J73="","",MAX(0,TODAY()-$J73))))
D74: EXC-010 | E74: Excavation & Earthwork | F74: Excavation | G74: Check lighting arrangement are adequate during night work. | H74: Requirement verified and observation recorded as per approved project specification. | I74: Pending | N74: CHECKLIST.xlsx | O74: =IF($I74="OK","",IF($I74="N/A","",IF($J74="","",MAX(0,TODAY()-$J74))))
D75: EXC-011 | E75: Excavation & Earthwork | F75: Excavation | G75: Check the dewatering arrangement is available in case of pit is water logged. | H75: Dewatering arrangement is available where water logging is possible. | I75: Pending | N75: CHECKLIST.xlsx | O75: =IF($I75="OK","",IF($I75="N/A","",IF($J75="","",MAX(0,TODAY()-$J75))))
D76: PLW-001 | E76: Plaster & Waterproofing | F76: Surface Preparation | G76: Substrate cleaned of dust, oil, loose particles. | H76: Surface free of debris; wire-brushed. | I76: Pending | M76: ▶ Watch (3 videos) | N76: Quality Checklist.xlsx | O76: =IF($I76="OK","",IF($I76="N/A","",IF($J76="","",MAX(0,TODAY()-$J76))))
D77: PLW-002 | E77: Plaster & Waterproofing | F77: Surface Preparation | G77: Hacking of concrete surfaces (RCC / shear walls). | H77: Min 50–80 hacks per m², 5mm deep. | I77: Pending | M77: ▶ Watch (3 videos) | N77: Quality Checklist.xlsx | O77: =IF($I77="OK","",IF($I77="N/A","",IF($J77="","",MAX(0,TODAY()-$J77))))
D78: PLW-003 | E78: Plaster & Waterproofing | F78: Surface Preparation | G78: Surface thoroughly wetted before plaster. | H78: SSD condition; no free water. | I78: Pending | M78: ▶ Watch (3 videos) | N78: Quality Checklist.xlsx | O78: =IF($I78="OK","",IF($I78="N/A","",IF($J78="","",MAX(0,TODAY()-$J78))))
D79: PLW-004 | E79: Plaster & Waterproofing | F79: Surface Preparation | G79: Chicken wire mesh at RCC–masonry junctions. | H79: 150mm overlap each side; tightly fixed. | I79: Pending | M79: ▶ Watch (3 videos) | N79: Quality Checklist.xlsx | O79: =IF($I79="OK","",IF($I79="N/A","",IF($J79="","",MAX(0,TODAY()-$J79))))
D80: PLW-005 | E80: Plaster & Waterproofing | F80: Surface Preparation | G80: All MEP chases filled, conduits secured & netted. | H80: Galvanized chicken mesh over chases. | I80: Pending | M80: ▶ Watch (3 videos) | N80: Quality Checklist.xlsx | O80: =IF($I80="OK","",IF($I80="N/A","",IF($J80="","",MAX(0,TODAY()-$J80))))
D81: PLW-006 | E81: Plaster & Waterproofing | F81: Surface Preparation | G81: Level pads / dots & screeds (gauges) installed. | H81: ≤ 1.5m c/c; plumb verified. | I81: Pending | M81: ▶ Watch (3 videos) | N81: Quality Checklist.xlsx | O81: =IF($I81="OK","",IF($I81="N/A","",IF($J81="","",MAX(0,TODAY()-$J81))))
D82: PLW-007 | E82: Plaster & Waterproofing | F82: Materials | G82: Cement — brand & grade. | H82: Approved brand; OPC 43/53 or PPC as specified. | I82: Pending | M82: ▶ Watch (3 videos) | N82: Quality Checklist.xlsx | O82: =IF($I82="OK","",IF($I82="N/A","",IF($J82="","",MAX(0,TODAY()-$J82))))
D83: PLW-008 | E83: Plaster & Waterproofing | F83: Materials | G83: Sand — zone, silt content, washing. | H83: Zone-II preferred; silt ≤ 8%; washed if higher. | I83: Pending | M83: ▶ Watch (3 videos) | N83: Quality Checklist.xlsx | O83: =IF($I83="OK","",IF($I83="N/A","",IF($J83="","",MAX(0,TODAY()-$J83))))
D84: PLW-009 | E84: Plaster & Waterproofing | F84: Materials | G84: Water — potable, clean. | H84: pH 6–8; no salts; no oil. | I84: Pending | M84: ▶ Watch (3 videos) | N84: Quality Checklist.xlsx | O84: =IF($I84="OK","",IF($I84="N/A","",IF($J84="","",MAX(0,TODAY()-$J84))))
D85: PLW-010 | E85: Plaster & Waterproofing | F85: Materials | G85: Mix proportion as specified. | H85: Internal 1:6 / 1:5; External 1:4; ceiling 1:3. | I85: Pending | M85: ▶ Watch (3 videos) | N85: Quality Checklist.xlsx | O85: =IF($I85="OK","",IF($I85="N/A","",IF($J85="","",MAX(0,TODAY()-$J85))))
D86: PLW-011 | E86: Plaster & Waterproofing | F86: Materials | G86: Waterproofing admixture in external plaster. | H86: Approved make; dose as per spec sheet. | I86: Pending | M86: ▶ Watch (3 videos) | N86: Quality Checklist.xlsx | O86: =IF($I86="OK","",IF($I86="N/A","",IF($J86="","",MAX(0,TODAY()-$J86))))
D87: PLW-012 | E87: Plaster & Waterproofing | F87: Application: Internal | G87: Plaster thickness. | H87: Wall 12–15mm single coat; ceiling 6mm. | I87: Pending | M87: ▶ Watch (3 videos) | N87: Quality Checklist.xlsx | O87: =IF($I87="OK","",IF($I87="N/A","",IF($J87="","",MAX(0,TODAY()-$J87))))
... D136: PUT-016 | E136: Putty Work | F136: Inspection | G136: Final sanding & dust cleaning before primer. | H136: Fully dust-free surface. | I136: Pending | M136: ▶ Watch Video | N136: Quality Checklist.xlsx | O136: =IF($I136="OK","",IF($I136="N/A","",IF($J136="","",MAX(0,TODAY()-$J136))))
D137: ELE-001 | E137: Electrical Work | F137: Conduiting (concealed) | G137: Conduit make, ISI marked, fire-retardant. | H137: Approved make; medium/heavy gauge as per spec. | I137: Pending | N137: Quality Checklist.xlsx | O137: =IF($I137="OK","",IF($I137="N/A","",IF($J137="","",MAX(0,TODAY()-$J137))))
D138: ELE-002 | E138: Electrical Work | F138: Conduiting (concealed) | G138: Conduit chasing — depth & alignment. | H138: Depth ≥ conduit dia + 15mm; vertical/horizontal only. | I138: Pending | N138: Quality Checklist.xlsx | O138: =IF($I138="OK","",IF($I138="N/A","",IF($J138="","",MAX(0,TODAY()-$J138))))
D139: ELE-003 | E139: Electrical Work | F139: Conduiting (concealed) | G139: No diagonal chasing; no chasing in beams. | H139: Avoid structural members. | I139: Pending | N139: Quality Checklist.xlsx | O139: =IF($I139="OK","",IF($I139="N/A","",IF($J139="","",MAX(0,TODAY()-$J139))))
D140: ELE-004 | E140: Electrical Work | F140: Conduiting (concealed) | G140: Conduit joints — couplers / solvent cement. | H140: Watertight joints; no glue lumps inside. | I140: Pending | N140: Quality Checklist.xlsx | O140: =IF($I140="OK","",IF($I140="N/A","",IF($J140="","",MAX(0,TODAY()-$J140))))
D141: ELE-005 | E141: Electrical Work | F141: Conduiting (concealed) | G141: Bend radius. | H141: ≥ 4× conduit dia; no kinks. | I141: Pending | N141: Quality Checklist.xlsx | O141: =IF($I141="OK","",IF($I141="N/A","",IF($J141="","",MAX(0,TODAY()-$J141))))
D142: ELE-006 | E142: Electrical Work | F142: Conduiting (concealed) | G142: Fish wire installed in every conduit. | H142: GI wire 14 SWG; both ends accessible. | I142: Pending | M142: ▶ Watch Video | N142: Quality Checklist.xlsx | O142: =IF($I142="OK","",IF($I142="N/A","",IF($J142="","",MAX(0,TODAY()-$J142))))
D143: ELE-007 | E143: Electrical Work | F143: Conduiting (concealed) | G143: Conduits secured with saddles / nails. | H143: Spacing ≤ 600mm; firm to substrate. | I143: Pending | N143: Quality Checklist.xlsx | O143: =IF($I143="OK","",IF($I143="N/A","",IF($J143="","",MAX(0,TODAY()-$J143))))
D144: ELE-008 | E144: Electrical Work | F144: Boxes & Dbs | G144: Switch / socket box position & height. | H144: Switch 1200mm; Socket 300mm (or as drawing). | I144: Pending | N144: Quality Checklist.xlsx | O144: =IF($I144="OK","",IF($I144="N/A","",IF($J144="","",MAX(0,TODAY()-$J144))))
D145: ELE-009 | E145: Electrical Work | F145: Boxes & Dbs | G145: Box flush with finished plaster level. | H145: Within ±2mm of finished wall. | I145: Pending | N145: Quality Checklist.xlsx | O145: =IF($I145="OK","",IF($I145="N/A","",IF($J145="","",MAX(0,TODAY()-$J145))))
D146: ELE-010 | E146: Electrical Work | F146: Boxes & Dbs | G146: DB location, size, accessibility. | H146: As per single line diagram; min 300mm from corners. | I146: Pending | N146: Quality Checklist.xlsx | O146: =IF($I146="OK","",IF($I146="N/A","",IF($J146="","",MAX(0,TODAY()-$J146))))
D147: ELE-011 | E147: Electrical Work | F147: Boxes & Dbs | G147: Earth bus bar & neutral bar in DB. | H147: Separate bars; tinned copper; sized per load. | I147: Pending | N147: Quality Checklist.xlsx | O147: =IF($I147="OK","",IF($I147="N/A","",IF($J147="","",MAX(0,TODAY()-$J147))))
D148: ELE-012 | E148: Electrical Work | F148: Wiring | G148: Cable brand, size, FRLS / ISI marking. | H148: Approved make; FRLS PVC; ISI marked. | I148: Pending | M148: ▶ Watch Video | N148: Quality Checklist.xlsx | O148: =IF($I148="OK","",IF($I148="N/A","",IF($J148="","",MAX(0,TODAY()-$J148))))
D149: ELE-013 | E149: Electrical Work | F149: Wiring | G149: Cable colour code. | H149: R-Y-B phase / Black neutral / Green-Yellow earth. | I149: Pending | M149: ▶ Watch Video | N149: Quality Checklist.xlsx | O149: =IF($I149="OK","",IF($I149="N/A","",IF($J149="","",MAX(0,TODAY()-$J149))))
D150: ELE-014 | E150: Electrical Work | F150: Wiring | G150: Cable sizes vs. circuit load. | H150: Lighting 1.5/2.5mm²; Sockets 2.5/4mm²; AC 4/6mm². | I150: Pending | M150: ▶ Watch Video | N150: Quality Checklist.xlsx | O150: =IF($I150="OK","",IF($I150="N/A","",IF($J150="","",MAX(0,TODAY()-$J150))))
D151: ELE-015 | E151: Electrical Work | F151: Wiring | G151: No joints inside conduit. | H151: Joints only at boxes/DBs. | I151: Pending | M151: ▶ Watch Video | N151: Quality Checklist.xlsx | O151: =IF($I151="OK","",IF($I151="N/A","",IF($J151="","",MAX(0,TODAY()-$J151))))
D152: ELE-016 | E152: Electrical Work | F152: Wiring | G152: Number of wires per conduit. | H152: ≤ 40% fill factor. | I152: Pending | M152: ▶ Watch Video | N152: Quality Checklist.xlsx | O152: =IF($I152="OK","",IF($I152="N/A","",IF($J152="","",MAX(0,TODAY()-$J152))))
D153: ELE-017 | E153: Electrical Work | F153: Wiring | G153: Looping at switch boards (phase looped, not neutral). | H153: Phase looping; neutral direct to fixture. | I153: Pending | M153: ▶ Watch Video | N153: Quality Checklist.xlsx | O153: =IF($I153="OK","",IF($I153="N/A","",IF($J153="","",MAX(0,TODAY()-$J153))))
D154: ELE-018 | E154: Electrical Work | F154: Earthing & Protection | G154: Earth pit construction & resistance. | H154: ≤ 1 Ω for system; ≤ 5 Ω individual pit. | I154: Pending | M154: ▶ Watch Video | N154: Quality Checklist.xlsx | O154: =IF($I154="OK","",IF($I154="N/A","",IF($J154="","",MAX(0,TODAY()-$J154))))
D155: ELE-019 | E155: Electrical Work | F155: Earthing & Protection | G155: Earthing conductor size & continuity. | H155: As per IS 3043; verified continuity. | I155: Pending | N155: Quality Checklist.xlsx | O155: =IF($I155="OK","",IF($I155="N/A","",IF($J155="","",MAX(0,TODAY()-$J155))))
...

Sheet Inspection Log
A1: Timestamp | B1: Inspector | C1: Block | D1: Floor | E1: Flat | F1: Work Category | G1: Item ID | H1: Inspection Check | I1: Status | J1: Defect Photo | K1: Rectified? | L1: Rectified Photo | M1: Remarks | N1: FlatKey
A2: 46174.015 | B2: Mikayla Goodman | C2: 4 | D2: 5 | E2: B | F2: RCC Work | G2: RCC-001 | H2: Dimensions: length, breadth, depth as per drawing. | I2: OK | M2: Cumque ratione sint | N2: B4-5-B
A3: 46174.015 | B3: Mikayla Goodman | C3: 4 | D3: 5 | E3: B | F3: RCC Work | G3: RCC-002 | H3: Check is the bar bending schedule is prepared and approved by the site Engineer. | I3: OK | M3: Cumque ratione sint | N3: B4-5-B
A4: 46174.015 | B4: Mikayla Goodman | C4: 4 | D4: 5 | E4: B | F4: RCC Work | G4: RCC-003 | H4: Check for correct cutting & bending of bars as per approved BBS. | I4: OK | M4: Cumque ratione sint | N4: B4-5-B
A5: 46174.015 | B5: Mikayla Goodman | C5: 4 | D5: 5 | E5: B | F5: RCC Work | G5: RCC-004 | H5: Check bar diameter, shapes of bar, dimension of bars & number of bars as per BBS. | I5: OK | M5: Cumque ratione sint | N5: B4-5-B
A6: 46174.015 | B6: Mikayla Goodman | C6: 4 | D6: 5 | E6: B | F6: RCC Work | G6: RCC-005 | H6: Check identification tags is attached. | I6: OK | M6: Cumque ratione sint | N6: B4-5-B
A7: 46174.015 | B7: Mikayla Goodman | C7: 4 | D7: 5 | E7: B | F7: RCC Work | G7: RCC-006 | H7: Check for cleanliness of bars from any oil, grease, soil & rust. | I7: OK | M7: Cumque ratione sint | N7: B4-5-B
A8: 46174.015 | B8: Mikayla Goodman | C8: 4 | D8: 5 | E8: B | F8: RCC Work | G8: RCC-007 | H8: Check for satisfactory tying of reinforcement with binding wire. | I8: OK | M8: Cumque ratione sint | N8: B4-5-B
A9: 46174.015 | B9: Mikayla Goodman | C9: 4 | D9: 5 | E9: B | F9: RCC Work | G9: RCC-008 | H9: Check for location of service conduits. | I9: OK | M9: Cumque ratione sint | N9: B4-5-B
A10: 46174.015 | B10: Mikayla Goodman | C10: 4 | D10: 5 | E10: B | F10: RCC Work | G10: RCC-009 | H10: Check for readiness of reinforcement for release for concreting. | I10: OK | M10: Cumque ratione sint | N10: B4-5-B
A11: 46174.015 | B11: Mikayla Goodman | C11: 4 | D11: 5 | E11: B | F11: RCC Work | G11: RCC-010 | H11: Slump test at pour location. | I11: OK | M11: Cumque ratione sint | N11: B4-5-B
A12: 46174.015 | B12: Mikayla Goodman | C12: 4 | D12: 5 | E12: B | F12: RCC Work | G12: RCC-011 | H12: Is continuous flow of concrete ensured. | I12: OK | M12: Cumque ratione sint | N12: B4-5-B
A13: 46174.015 | B13: Mikayla Goodman | C13: 4 | D13: 5 | E13: B | F13: RCC Work | G13: RCC-012 | H13: Check for transportation & placement of concrete. Is it ok? | I13: OK | M13: Cumque ratione sint | N13: B4-5-B
... A90: 46174.059 | B90: Test Manash | C90: 2 | D90: 3 | E90: E | F90: RCC Work | G90: RCC-036 | H90: Electrical / plumbing conduits & sleeves in place. | I90: NOT OK | M90: Test Anaswer | Not Good Site | N90: B2-3-E
A91: 46174.114 | B91: Test Test 2 | C91: 6 | D91: Podium | E91: E | F91: Putty Work | G91: PUT-002 | H91: Surface cleaning — dust, loose particles, oil. | I91: OK | M91: test | test | N91: B6-Podium-E
A92: 46174.114 | B92: Test Test 2 | C92: 6 | D92: Podium | E92: E | F92: Putty Work | G92: PUT-003 | H92: Hairline / minor cracks filled. | I92: OK | M92: test | test | N92: B6-Podium-E
A93: 46174.114 | B93: Test Test 2 | C93: 6 | D93: Podium | E93: E | F93: Putty Work | G93: PUT-005 | H93: Putty brand & type approved. | I93: NOT OK | M93: test | test | N93: B6-Podium-E
A94: 46174.114 | B94: Test Test 2 | C94: 6 | D94: Podium | E94: E | F94: Putty Work | G94: PUT-008 | H94: Number of coats. | I94: OK | M94: test | test | N94: B6-Podium-E
A95: 46174.148 | B95: ABC | C95: 7 | D95: 3 | E95: F | F95: RCC Work | G95: RCC-001 | H95: Dimensions: length, breadth, depth as per drawing. | I95: OK | M95: kkk | N95: B7-3-F
A96: 46174.148 | B96: ABC | C96: 7 | D96: 3 | E96: F | F96: RCC Work | G96: RCC-002 | H96: Check is the bar bending schedule is prepared and approved by the site Engineer. | I96: OK | M96: kkk | N96: B7-3-F
A97: 46174.148 | B97: ABC | C97: 7 | D97: 3 | E97: F | F97: RCC Work | G97: RCC-003 | H97: Check for correct cutting & bending of bars as per approved BBS. | I97: OK | M97: kkk | N97: B7-3-F
A98: 46174.148 | B98: ABC | C98: 7 | D98: 3 | E98: F | F98: RCC Work | G98: RCC-004 | H98: Check bar diameter, shapes of bar, dimension of bars & number of bars as per BBS. | I98: OK | M98: kkk | N98: B7-3-F
A99: 46174.148 | B99: ABC | C99: 7 | D99: 3 | E99: F | F99: RCC Work | G99: RCC-005 | H99: Check identification tags is attached. | I99: OK | M99: kkk | N99: B7-3-F
A100: 46174.15 | B100: AB | C100: 1 | D100: 1 | E100: A | F100: Excavation & Earthwork | G100: EXC-001 | H100: Check whether soil investigation report/drawing studied by concerned Consultant. | I100: OK | M100: A | A | N100: B1-1-A
A101: 46174.15 | B101: AB | C101: 1 | D101: 1 | E101: A | F101: Excavation & Earthwork | G101: EXC-002 | H101: Is excavation plan approved by Engineer/Consultant. | I101: OK | M101: A | A | N101: B1-1-A
A102: 46174.15 | B102: AB | C102: 1 | D102: 1 | E102: A | F102: Excavation & Earthwork | G102: EXC-003 | H102: Check the layout, Alignment and size of excavation marked on the ground as per excavation plan. | I102: OK | M102: A | A | N102: B1-1-A
A103: 46174.15 | B103: AB | C103: 1 | D103: 1 | E103: A | F103: Excavation & Earthwork | G103: EXC-004 | H103: Check Is there any underground utilities like sewers,water pipeline, cable etc is exist. | I103: OK | M103: A | A | N103: B1-1-A
A104: 46174.15 | B104: AB | C104: 1 | D104: 1 | E104: A | F104: Excavation & Earthwork | G104: EXC-005 | H104: Check the area on excavation is clean & clear of bushes, vegetation & tree. | I104: OK | M104: A | A | N104: B1-1-A
A105: 46174.15 | B105: AB | C105: 1 | D105: 1 | E105: A | F105: Excavation & Earthwork | G105: EXC-006 | H105: Check whether the excavated pit are adequately shored/timbered/safe slopes provided. | I105: OK | M105: A | A | N105: B1-1-A
A106: 46174.15 | B106: AB | C106: 1 | D106: 1 | E106: A | F106: Excavation & Earthwork | G106: EXC-007 | H106: Check where barricading & Caution signs are provided for deep excavation. | I106: OK | M106: A | A | N106: B1-1-A
... A163: 46174.163 | B163: Rishi Sir | C163: 10 | D163: 10 | E163: D | F163: Tile Work | G163: TIL-022 | H163: Protection of finished tiles. | I163: OK | M163: Very nice | Not upto the mark | N163: B10-10-D
A164: 46174.173 | B164: Test Mekesh | C164: 9 | D164: 5 | E164: C | F164: False Ceiling Work | G164: FCL-001 | H164: Ceiling level & layout marking. | I164: OK | N164: B9-5-C
A165: 46174.173 | B165: Test Mekesh | C165: 9 | D165: 5 | E165: C | F165: False Ceiling Work | G165: FCL-002 | H165: MEP services above ceiling completed & tested. | I165: OK | N165: B9-5-C
A166: 46174.173 | B166: Test Mekesh | C166: 9 | D166: 5 | E166: C | F166: False Ceiling Work | G166: FCL-003 | H166: Approved shop drawing with grid pattern. | I166: OK | N166: B9-5-C
A167: 46174.173 | B167: Test Mekesh | C167: 9 | D167: 5 | E167: C | F167: False Ceiling Work | G167: FCL-004 | H167: Gypsum board / calcium silicate — brand, thickness. | I167: OK | N167: B9-5-C
A168: 46174.173 | B168: Test Mekesh | C168: 9 | D168: 5 | E168: C | F168: False Ceiling Work | G168: FCL-005 | H168: GI sections — perimeter channel, intermediate, ceiling section. | I168: OK | N168: B9-5-C
A169: 46174.173 | B169: Test Mekesh | C169: 9 | D169: 5 | E169: C | F169: False Ceiling Work | G169: FCL-006 | H169: Suspension — soffit cleats, GI rods, hangers. | I169: OK | N169: B9-5-C
A170: 46174.173 | B170: Test Mekesh | C170: 9 | D170: 5 | E170: C | F170: False Ceiling Work | G170: FCL-007 | H170: Screws — drywall screws, dry-rust treated. | I170: OK | N170: B9-5-C
A171: 46174.173 | B171: Test Mekesh | C171: 9 | D171: 5 | E171: C | F171: False Ceiling Work | G171: FCL-008 | H171: Perimeter channel fixing. | I171: OK | N171: B9-5-C
A172: 46174.173 | B172: Test Mekesh | C172: 9 | D172: 5 | E172: C | F172: False Ceiling Work | G172: FCL-009 | H172: Intermediate channel spacing. | I172: OK | N172: B9-5-C
A173: 46174.173 | B173: Test Mekesh | C173: 9 | D173: 5 | E173: C | F173: False Ceiling Work | G173: FCL-010 | H173: Ceiling section spacing. | I173: OK | N173: B9-5-C
A174: 46174.173 | B174: Test Mekesh | C174: 9 | D174: 5 | E174: C | F174: False Ceiling Work | G174: FCL-011 | H174: Level of grid (3m straightedge). | I174: OK | N174: B9-5-C
A175: 46174.173 | B175: Test Mekesh | C175: 9 | D175: 5 | E175: C | F175: False Ceiling Work | G175: FCL-012 | H175: Cross bracing & rigidity. | I175: OK | N175: B9-5-C
... A189: 46174.183 | B189: MB GHOSH | C189: 1 | D189: 2 | E189: B | F189: Masonry Work | G189: MAS-005 | H189: Check for proper staking of bricks / AAC block. | I189: OK | N189: B1-2-B
A190: 46174.193 | B190: test test 2 | C190: 6 | D190: Podium | E190: E | F190: Putty Work | G190: PUT-005 | H190: Putty brand & type approved. | I190: OK | N190: B6-Podium-E
A191: 46174.212 | B191: Isha | C191: 15 | D191: 40 | E191: H | F191: Fire Fighting Work | G191: FIR-001 | H191: Fire NOC / approved drawings on site. | I191: OK | M191: NA | AN | N191: B15-40-H
A192: 46174.212 | B192: Isha | C192: 15 | D192: 40 | E192: H | F192: Fire Fighting Work | G192: FIR-002 | H192: Equipment make & model as approved. | I192: NOT OK | M192: NA | AN | N192: B15-40-H
A193: 46174.212 | B193: Isha | C193: 15 | D193: 40 | E193: H | F193: Fire Fighting Work | G193: FIR-003 | H193: Pipe material — MS heavy / GI as specified. | I193: Pending | M193: NA | AN | N193: B15-40-H
A194: 46174.212 | B194: Isha | C194: 15 | D194: 40 | E194: H | F194: Fire Fighting Work | G194: FIR-004 | H194: Pipe routing & supports. | I194: N/A | M194: NA | AN | N194: B15-40-H
A195: 46174.212 | B195: Isha | C195: 15 | D195: 40 | E195: H | F195: Fire Fighting Work | G195: FIR-005 | H195: Welded / flanged joints — quality. | I195: Pending | M195: NA | AN | N195: B15-40-H
A196: 46174.212 | B196: Isha | C196: 15 | D196: 40 | E196: H | F196: Fire Fighting Work | G196: FIR-006 | H196: Pipe painting — fire red. | I196: NOT OK | M196: NA | AN | N196: B15-40-H
A197: 46174.212 | B197: Isha | C197: 15 | D197: 40 | E197: H | F197: Fire Fighting Work | G197: FIR-007 | H197: Pipe identification & flow direction. | I197: OK | M197: NA | AN | N197: B15-40-H
A198: 46174.212 | B198: Isha | C198: 15 | D198: 40 | E198: H | F198: Fire Fighting Work | G198: FIR-008 | H198: Wet riser size & location. | I198: NOT OK | M198: NA | AN | N198: B15-40-H
A199: 46174.212 | B199: Isha | C199: 15 | D199: 40 | E199: H | F199: Fire Fighting Work | G199: FIR-009 | H199: Landing valves on each floor. | I199: Pending | M199: NA | AN | N199: B15-40-H
A200: 46174.212 | B200: Isha | C200: 15 | D200: 40 | E200: H | F200: Fire Fighting Work | G200: FIR-010 | H200: Hose reel (rubber-lined) on each floor. | I200: N/A | M200: NA | AN | N200: B15-40-H
A201: 46174.212 | B201: Isha | C201: 15 | D201: 40 | E201: H | F201: Fire Fighting Work | G201: FIR-011 | H201: Hose box & accessories. | I201: Pending | M201: NA | AN | N201: B15-40-H
A202: 46174.212 | B202: Isha | C202: 15 | D202: 40 | E202: H | F202: Fire Fighting Work | G202: FIR-012 | H202: External yard hydrants. | I202: NOT OK | M202: NA | AN | N202: B15-40-H
... A247: 46174.25 | B247: MNO | C247: 14 | D247: 39 | E247: G | F247: Landscape Development | G247: LAN-024 | H247: Mulching, weeding, pruning schedule. | I247: NOT OK | M247: YES | hahhs | N247: B14-39-G
A248: 46174.945 | B248: Srayans | C248: 6 | D248: 7 | E248: E | F248: Putty Work | G248: PUT-001 | H248: Plaster fully cured (min 21–28 days). | I248: NOT OK | N248: B6-7-E
A249: 46174.945 | B249: Srayans | C249: 6 | D249: 7 | E249: E | F249: Putty Work | G249: PUT-002 | H249: Surface cleaning — dust, loose particles, oil. | I249: OK | N249: B6-7-E
A250: 46174.945 | B250: Srayans | C250: 6 | D250: 7 | E250: E | F250: Putty Work | G250: PUT-016 | H250: Final sanding & dust cleaning before primer. | I250: Pending | N250: B6-7-E

Sheet RCC Work
A1: Block | B1: Floor | C1: Flat | D1: Item ID | E1: Work Category | F1: Stage | G1: Inspection Check | H1: Acceptance Criteria / Standard | I1: Status | J1: Date | K1: Checked By | L1: Remarks / Observations | M1: Training Video / Reference | N1: Source Files | O1: Defect Photo | P1: Rectified? | Q1: Rectified Date | R1: Rectified Photo | S1: Rectification Remarks
D2: RCC-001 | E2: RCC Work | F2: Post-pour | G2: Dimensions: length, breadth, depth as per drawing. | H2: Tolerance ±5mm linear; ±10mm in level. | I2: Pending | N2: CHECKLIST.xlsx; Quality Checklist.xlsx
D3: RCC-002 | E3: RCC Work | F3: Reinforcement | G3: Check is the bar bending schedule is prepared and approved by the site Engineer. | H3: Requirement verified and observation recorded as per approved project specification. | I3: Pending | M3: ▶ Watch (2 videos) | N3: CHECKLIST.xlsx
D4: RCC-003 | E4: RCC Work | F4: Reinforcement | G4: Check for correct cutting & bending of bars as per approved BBS. | H4: Requirement verified and observation recorded as per approved project specification. | I4: Pending | M4: ▶ Watch (2 videos) | N4: CHECKLIST.xlsx
D5: RCC-004 | E5: RCC Work | F5: Reinforcement | G5: Check bar diameter, shapes of bar, dimension of bars & number of bars as per BBS. | H5: Requirement verified and observation recorded as per approved project specification. | I5: Pending | M5: ▶ Watch (2 videos) | N5: CHECKLIST.xlsx
D6: RCC-005 | E6: RCC Work | F6: Reinforcement | G6: Check identification tags is attached. | H6: Requirement verified and observation recorded as per approved project specification. | I6: Pending | M6: ▶ Watch (2 videos) | N6: CHECKLIST.xlsx
D7: RCC-006 | E7: RCC Work | F7: Reinforcement | G7: Check for cleanliness of bars from any oil, grease, soil & rust. | H7: Requirement verified and observation recorded as per approved project specification. | I7: Pending | M7: ▶ Watch (2 videos) | N7: CHECKLIST.xlsx
D8: RCC-007 | E8: RCC Work | F8: Reinforcement | G8: Check for satisfactory tying of reinforcement with binding wire. | H8: Requirement verified and observation recorded as per approved project specification. | I8: Pending | M8: ▶ Watch (2 videos) | N8: CHECKLIST.xlsx
D9: RCC-008 | E9: RCC Work | F9: Reinforcement | G9: Check for location of service conduits. | H9: Requirement verified and observation recorded as per approved project specification. | I9: Pending | M9: ▶ Watch (2 videos) | N9: CHECKLIST.xlsx
D10: RCC-009 | E10: RCC Work | F10: Reinforcement | G10: Check for readiness of reinforcement for release for concreting. | H10: Requirement verified and observation recorded as per approved project specification. | I10: Pending | M10: ▶ Watch (2 videos) | N10: CHECKLIST.xlsx
D11: RCC-010 | E11: RCC Work | F11: Concrete Pour | G11: Slump test at pour location. | H11: Within specified range (75–125mm typical); record value. | I11: Pending | M11: ▶ Watch Video | N11: CHECKLIST.xlsx; Quality Checklist.xlsx
D12: RCC-011 | E12: RCC Work | F12: Concreting | G12: Is continuous flow of concrete ensured. | H12: Requirement verified and observation recorded as per approved project specification. | I12: Pending | N12: CHECKLIST.xlsx
D13: RCC-012 | E13: RCC Work | F13: Concreting | G13: Check for transportation & placement of concrete. Is it ok? | H13: Requirement verified and observation recorded as per approved project specification. | I13: Pending | N13: CHECKLIST.xlsx
D14: RCC-013 | E14: RCC Work | F14: Concreting | G14: Check whether vibration being done till concrete packs tightly against all surface, reinforcement and embedments. | H14: Requirement verified and observation recorded as per approved project specification. | I14: Pending | M14: ▶ Watch (2 videos) | N14: CHECKLIST.xlsx
D15: RCC-014 | E15: RCC Work | F15: Concreting | G15: Is blending of concrete poured in separated layers being ensured? | H15: Requirement verified and observation recorded as per approved project specification. | I15: Pending | N15: CHECKLIST.xlsx
D16: RCC-015 | E16: RCC Work | F16: Concreting | G16: Is concrete consumed within initial setting time of cement. | H16: Requirement verified and observation recorded as per approved project specification. | I16: Pending | N16: CHECKLIST.xlsx
D17: RCC-016 | E17: RCC Work | F17: Concreting | G17: Check for positions of construction joint. Is it ok? | H17: Requirement verified and observation recorded as per approved project specification. | I17: Pending | N17: CHECKLIST.xlsx
D18: RCC-017 | E18: RCC Work | F18: Concreting | G18: Check for leveling and finishing of concrete surface. | H18: Line, level, and plumb are within project tolerance. | I18: Pending | N18: CHECKLIST.xlsx
D19: RCC-018 | E19: RCC Work | F19: Concreting | G19: Check the quantity of concrete of poured match with theoretical qty. | H19: Requirement verified and observation recorded as per approved project specification. | I19: Pending | N19: CHECKLIST.xlsx
D20: RCC-019 | E20: RCC Work | F20: Concreting | G20: Check the start time and end time of concreting. | H20: Requirement verified and observation recorded as per approved project specification. | I20: Pending | N20: CHECKLIST.xlsx
D21: RCC-020 | E21: RCC Work | F21: Concrete Pour | G21: Cube samples cast (6 numbers / 50 m³). | H21: Stored & cured per IS 516; tagged with date/location. Also verify: ≥ 65% (7d) & 100% (28d) of design strength. | I21: Pending | M21: ▶ Watch (2 videos) | N21: CHECKLIST.xlsx; Quality Checklist.xlsx
D22: RCC-021 | E22: RCC Work | F22: Pre-pour: Shuttering | G22: Shuttering material (ply / steel) condition. | H22: No damage, no warping; ply min 12mm, oiled. | I22: Pending | M22: ▶ Watch (3 videos) | N22: Quality Checklist.xlsx
D23: RCC-022 | E23: RCC Work | F23: Pre-pour: Shuttering | G23: Line, level & plumb of formwork. | H23: Plumb deviation ≤ 1:1000; level within ±3mm/m. | I23: Pending | M23: ▶ Watch Video | N23: Quality Checklist.xlsx
D24: RCC-023 | E24: RCC Work | F24: Pre-pour: Shuttering | G24: Props, bracing & supports adequacy. | H24: As per design; no deflection under load. | I24: Pending | M24: ▶ Watch Video | N24: Quality Checklist.xlsx
D25: RCC-024 | E25: RCC Work | F25: Pre-pour: Shuttering | G25: Cleaning of formwork (no debris, dust, water). | H25: Surface clean & blown dry. | I25: Pending | M25: ▶ Watch Video | N25: Quality Checklist.xlsx
D26: RCC-025 | E26: RCC Work | F26: Pre-pour: Shuttering | G26: Shuttering oil / release agent application. | H26: Uniform thin coat; no pooling on reinforcement. | I26: Pending | M26: ▶ Watch (3 videos) | N26: Quality Checklist.xlsx
D27: RCC-026 | E27: RCC Work | F27: Pre-pour: Shuttering | G27: Joints sealed (no slurry leakage points). | H27: Tight joints; tape / foam strip at gaps. | I27: Pending | M27: ▶ Watch Video | N27: Quality Checklist.xlsx
D28: RCC-027 | E28: RCC Work | F28: Pre-pour: Reinforcement | G28: Steel grade & make verification (TMT Fe-500/550D). | H28: As per approved make list & test certificate. | I28: Pending | M28: ▶ Watch (2 videos) | N28: Quality Checklist.xlsx
D29: RCC-028 | E29: RCC Work | F29: Pre-pour: Reinforcement | G29: Bar diameter, number & spacing as per BBS. | H29: As per approved drawing / BBS. | I29: Pending | M29: ▶ Watch (2 videos) | N29: Quality Checklist.xlsx
D30: RCC-029 | E30: RCC Work | F30: Pre-pour: Reinforcement | G30: Lap length & lap location. | H30: ≥ 50d for compression / as per drawing; staggered ≥600mm. | I30: Pending | M30: ▶ Watch (2 videos) | N30: Quality Checklist.xlsx
D31: RCC-030 | E31: RCC Work | F31: Pre-pour: Reinforcement | G31: Cover blocks (cement / PVC) — type, size, spacing. | H31: PCC cover blocks; spacing ≤ 1m c/c both ways. | I31: Pending | M31: ▶ Watch (2 videos) | N31: Quality Checklist.xlsx
D32: RCC-031 | E32: RCC Work | F32: Pre-pour: Reinforcement | G32: Clear cover provided. | H32: Slab 20mm / Beam 25mm / Column 40mm / Footing 50mm. | I32: Pending | M32: ▶ Watch (2 videos) | N32: Quality Checklist.xlsx
... D37: RCC-036 | E37: RCC Work | F37: Pre-pour: Embedments | G37: Electrical / plumbing conduits & sleeves in place. | H37: As per approved MEP drawing; tied to rebar. | I37: Pending | M37: ▶ Watch (2 videos) | N37: Quality Checklist.xlsx
D38: RCC-037 | E38: RCC Work | F38: Pre-pour: Embedments | G38: Box-outs, pockets, inserts for fixtures. | H38: Position & size verified vs. drawing. | I38: Pending | N38: Quality Checklist.xlsx
D39: RCC-038 | E39: RCC Work | F39: Pre-pour: Embedments | G39: Construction joint preparation (laitance removed). | H39: Hacked & cleaned; bonding agent applied. | I39: Pending | N39: Quality Checklist.xlsx
D40: RCC-039 | E40: RCC Work | F40: Concrete Pour | G40: Concrete grade & mix verification. | H40: As per design (M25/M30/M35…); approved mix design. | I40: Pending | N40: Quality Checklist.xlsx
D41: RCC-040 | E41: RCC Work | F41: Concrete Pour | G41: Pour sequence & layering thickness. | H41: Lifts ≤ 300mm; no cold joint formation. | I41: Pending | N41: Quality Checklist.xlsx
D42: RCC-041 | E42: RCC Work | F42: Concrete Pour | G42: Vibration — needle / external. | H42: Until air bubbles cease; no segregation. | I42: Pending | N42: Quality Checklist.xlsx
D43: RCC-042 | E43: RCC Work | F43: Concrete Pour | G43: Free fall height of concrete. | H43: ≤ 1.5 m (use chute / pump line if higher). | I43: Pending | N43: Quality Checklist.xlsx
D44: RCC-043 | E44: RCC Work | F44: Concrete Pour | G44: Top finishing — level, screeding, floating. | H44: Level within ±3mm; no surface laitance. | I44: Pending | N44: Quality Checklist.xlsx
D45: RCC-044 | E45: RCC Work | F45: Concrete Pour | G45: Weather conditions monitored (temp/rain). | H45: No pour in heavy rain; protect if ambient > 35°C. | I45: Pending | N45: Quality Checklist.xlsx
D46: RCC-045 | E46: RCC Work | F46: Post-pour | G46: Curing started within 6–12 hrs. | H46: Wet jute / ponding / curing compound applied. Also verify: Min 14 days continuous (28 days where structural). | I46: Pending | N46: Quality Checklist.xlsx
D47: RCC-046 | E47: RCC Work | F47: Post-pour | G47: Shuttering striking time observed. | H47: Vertical: 24–48h; Slab soffit 7d; Beam soffit 14d. | I47: Pending | M47: ▶ Watch Video | N47: Quality Checklist.xlsx
D48: RCC-047 | E48: RCC Work | F48: Post-pour | G48: Surface inspection — honeycomb, voids, cracks. | H48: No structural honeycomb; repairs only with approval. | I48: Pending | N48: Quality Checklist.xlsx

Sheet Masonry Work
A1: Block | B1: Floor | C1: Flat | D1: Item ID | E1: Work Category | F1: Stage | G1: Inspection Check | H1: Acceptance Criteria / Standard | I1: Status | J1: Date | K1: Checked By | L1: Remarks / Observations | M1: Training Video / Reference | N1: Source Files | O1: Defect Photo | P1: Rectified? | Q1: Rectified Date | R1: Rectified Photo | S1: Rectification Remarks
D2: MAS-001 | E2: Masonry Work | F2: Pre-work | G2: Check is the Drawing, Specification & method statement approved by the consultant. | H2: Approved drawing, specification, and method statement are available and followed. | I2: Pending | M2: ▶ Watch (3 videos) | N2: CHECKLIST.xlsx
D3: MAS-002 | E3: Masonry Work | F3: Pre-work | G3: Check whether type and material for Masonry work has been decided. | H3: Requirement verified and observation recorded as per approved project specification. | I3: Pending | M3: ▶ Watch (3 videos) | N3: CHECKLIST.xlsx
D4: MAS-003 | E4: Masonry Work | F4: Pre-work | G4: Check for availability of material as per the daily requirement. | H4: Required materials are available before the planned activity starts. | I4: Pending | M4: ▶ Watch (3 videos) | N4: CHECKLIST.xlsx
D5: MAS-004 | E5: Masonry Work | F5: Pre-work | G5: Check is the area clean of loose material and concrete. | H5: Requirement verified and observation recorded as per approved project specification. | I5: Pending | M5: ▶ Watch (3 videos) | N5: CHECKLIST.xlsx
D6: MAS-005 | E6: Masonry Work | F6: Pre-work | G6: Check for proper staking of bricks / AAC block. | H6: Requirement verified and observation recorded as per approved project specification. | I6: Pending | M6: ▶ Watch (3 videos) | N6: CHECKLIST.xlsx
D7: MAS-006 | E7: Masonry Work | F7: Pre-work | G7: Check for quality of brick, cement & Sand. | H7: Requirement verified and observation recorded as per approved project specification. | I7: Pending | M7: ▶ Watch (3 videos) | N7: CHECKLIST.xlsx
D8: MAS-007 | E8: Masonry Work | F8: Pre-work | G8: Check for wetting of bricks. | H8: Bricks or blocks are adequately wetted before laying, where applicable. | I8: Pending | M8: ▶ Watch (3 videos) | N8: CHECKLIST.xlsx
D9: MAS-008 | E9: Masonry Work | F9: Pre-work | G9: Check for the proportion of mortar mixing ratio. | H9: Mixing and proportioning follow the approved specification. | I9: Pending | M9: ▶ Watch (3 videos) | N9: CHECKLIST.xlsx
D10: MAS-009 | E10: Masonry Work | F10: Masonry Execution | G10: Check for size of doors and window opening. | H10: Requirement verified and observation recorded as per approved project specification. | I10: Pending | M10: ▶ Watch (3 videos) | N10: CHECKLIST.xlsx
D11: MAS-010 | E11: Masonry Work | F11: Masonry Execution | G11: Check for margins left for plastering jobs. | H11: Requirement verified and observation recorded as per approved project specification. | I11: Pending | M11: ▶ Watch (3 videos) | N11: CHECKLIST.xlsx
D12: MAS-011 | E12: Masonry Work | F12: Masonry Execution | G12: Check for dry mixing on hard and clean surface before adding water to mix proportion of mortar. | H12: Mixing and proportioning follow the approved specification. | I12: Pending | M12: ▶ Watch (3 videos) | N12: CHECKLIST.xlsx
D13: MAS-012 | E13: Masonry Work | F13: Masonry Execution | G13: Check for plumb, line & level. | H13: Line, level, and plumb are within project tolerance. | I13: Pending | M13: ▶ Watch (3 videos) | N13: CHECKLIST.xlsx
... D17: MAS-016 | E17: Masonry Work | F17: Masonry Execution | G17: Check for defects if any urgently rectification required. | H17: Defects are recorded and rectified before proceeding to the next activity. | I17: Pending | M17: ▶ Watch (3 videos) | N17: CHECKLIST.xlsx

Sheet Excavation & Earthwork
A1: Block | B1: Floor | C1: Flat | D1: Item ID | E1: Work Category | F1: Stage | G1: Inspection Check | H1: Acceptance Criteria / Standard | I1: Status | J1: Date | K1: Checked By | L1: Remarks / Observations | M1: Training Video / Reference | N1: Source Files | O1: Defect Photo | P1: Rectified? | Q1: Rectified Date | R1: Rectified Photo | S1: Rectification Remarks
D2: EXC-001 | E2: Excavation & Earthwork | F2: Excavation | G2: Check whether soil investigation report/drawing studied by concerned Consultant. | H2: Approved drawing, specification, and method statement are available and followed. | I2: Pending | N2: CHECKLIST.xlsx
D3: EXC-002 | E3: Excavation & Earthwork | F3: Excavation | G3: Is excavation plan approved by Engineer/Consultant. | H3: Requirement verified and observation recorded as per approved project specification. | I3: Pending | N3: CHECKLIST.xlsx
D4: EXC-003 | E4: Excavation & Earthwork | F4: Excavation | G4: Check the layout, Alignment and size of excavation marked on the ground as per excavation plan. | H4: Requirement verified and observation recorded as per approved project specification. | I4: Pending | N4: CHECKLIST.xlsx
D5: EXC-004 | E5: Excavation & Earthwork | F5: Excavation | G5: Check Is there any underground utilities like sewers,water pipeline, cable etc is exist. | H5: Line, level, and plumb are within project tolerance. | I5: Pending | N5: CHECKLIST.xlsx
D6: EXC-005 | E6: Excavation & Earthwork | F6: Excavation | G6: Check the area on excavation is clean & clear of bushes, vegetation & tree. | H6: Requirement verified and observation recorded as per approved project specification. | I6: Pending | N6: CHECKLIST.xlsx
D7: EXC-006 | E7: Excavation & Earthwork | F7: Excavation | G7: Check whether the excavated pit are adequately shored/timbered/safe slopes provided. | H7: Requirement verified and observation recorded as per approved project specification. | I7: Pending | N7: CHECKLIST.xlsx
D8: EXC-007 | E8: Excavation & Earthwork | F8: Excavation | G8: Check where barricading & Caution signs are provided for deep excavation. | H8: Barricading and caution signage are provided before work proceeds. | I8: Pending | N8: CHECKLIST.xlsx
D9: EXC-008 | E9: Excavation & Earthwork | F9: Excavation | G9: Check whether excavated material is kept away at least 1.5 mtr from the edge of the pit. | H9: Requirement verified and observation recorded as per approved project specification. | I9: Pending | N9: CHECKLIST.xlsx
D10: EXC-009 | E10: Excavation & Earthwork | F10: Excavation | G10: Make sure to keep away heavy equipment atleast 6.00 mtr from the pit. | H10: Requirement verified and observation recorded as per approved project specification. | I10: Pending | N10: CHECKLIST.xlsx
D11: EXC-010 | E11: Excavation & Earthwork | F11: Excavation | G11: Check lighting arrangement are adequate during night work. | H11: Requirement verified and observation recorded as per approved project specification. | I11: Pending | N11: CHECKLIST.xlsx
D12: EXC-011 | E12: Excavation & Earthwork | F12: Excavation | G12: Check the dewatering arrangement is available in case of pit is water logged. | H12: Dewatering arrangement is available where water logging is possible. | I12: Pending | N12: CHECKLIST.xlsx

Sheet Plaster & Waterproofing
A1: Block | B1: Floor | C1: Flat | D1: Item ID | E1: Work Category | F1: Stage | G1: Inspection Check | H1: Acceptance Criteria / Standard | I1: Status | J1: Date | K1: Checked By | L1: Remarks / Observations | M1: Training Video / Reference | N1: Source Files | O1: Defect Photo | P1: Rectified? | Q1: Rectified Date | R1: Rectified Photo | S1: Rectification Remarks
D2: PLW-001 | E2: Plaster & Waterproofing | F2: Surface Preparation | G2: Substrate cleaned of dust, oil, loose particles. | H2: Surface free of debris; wire-brushed. | I2: Pending | M2: ▶ Watch (3 videos) | N2: Quality Checklist.xlsx
D3: PLW-002 | E3: Plaster & Waterproofing | F3: Surface Preparation | G3: Hacking of concrete surfaces (RCC / shear walls). | H3: Min 50–80 hacks per m², 5mm deep. | I3: Pending | M3: ▶ Watch (3 videos) | N3: Quality Checklist.xlsx
D4: PLW-003 | E4: Plaster & Waterproofing | F4: Surface Preparation | G4: Surface thoroughly wetted before plaster. | H4: SSD condition; no free water. | I4: Pending | M4: ▶ Watch (3 videos) | N4: Quality Checklist.xlsx
D5: PLW-004 | E5: Plaster & Waterproofing | F5: Surface Preparation | G5: Chicken wire mesh at RCC–masonry junctions. | H5: 150mm overlap each side; tightly fixed. | I5: Pending | M5: ▶ Watch (3 videos) | N5: Quality Checklist.xlsx
D6: PLW-005 | E6: Plaster & Waterproofing | F6: Surface Preparation | G6: All MEP chases filled, conduits secured & netted. | H6: Galvanized chicken mesh over chases. | I6: Pending | M6: ▶ Watch (3 videos) | N6: Quality Checklist.xlsx
D7: PLW-006 | E7: Plaster & Waterproofing | F7: Surface Preparation | G7: Level pads / dots & screeds (gauges) installed. | H7: ≤ 1.5m c/c; plumb verified. | I7: Pending | M7: ▶ Watch (3 videos) | N7: Quality Checklist.xlsx
D8: PLW-007 | E8: Plaster & Waterproofing | F8: Materials | G8: Cement — brand & grade. | H8: Approved brand; OPC 43/53 or PPC as specified. | I8: Pending | M8: ▶ Watch (3 videos) | N8: Quality Checklist.xlsx
D9: PLW-008 | E9: Plaster & Waterproofing | F9: Materials | G9: Sand — zone, silt content, washing. | H9: Zone-II preferred; silt ≤ 8%; washed if higher. | I9: Pending | M9: ▶ Watch (3 videos) | N9: Quality Checklist.xlsx
D10: PLW-009 | E10: Plaster & Waterproofing | F10: Materials | G10: Water — potable, clean. | H10: pH 6–8; no salts; no oil. | I10: Pending | M10: ▶ Watch (3 videos) | N10: Quality Checklist.xlsx
D11: PLW-010 | E11: Plaster & Waterproofing | F11: Materials | G11: Mix proportion as specified. | H11: Internal 1:6 / 1:5; External 1:4; ceiling 1:3. | I11: Pending | M11: ▶ Watch (3 videos) | N11: Quality Checklist.xlsx
D12: PLW-011 | E12: Plaster & Waterproofing | F12: Materials | G12: Waterproofing admixture in external plaster. | H12: Approved make; dose as per spec sheet. | I12: Pending | M12: ▶ Watch (3 videos) | N12: Quality Checklist.xlsx
D13: PLW-012 | E13: Plaster & Waterproofing | F13: Application: Internal | G13: Plaster thickness. | H13: Wall 12–15mm single coat; ceiling 6mm. | I13: Pending | M13: ▶ Watch (3 videos) | N13: Quality Checklist.xlsx
... D24: PLW-023 | E24: Plaster & Waterproofing | F24: Curing & Inspection | G24: Joints between old & new plaster. | H24: Clean, neat; no level mismatch. | I24: Pending | M24: ▶ Watch (3 videos) | N24: Quality Checklist.xlsx

Sheet Tile Work
A1: Block | B1: Floor | C1: Flat | D1: Item ID | E1: Work Category | F1: Stage | G1: Inspection Check | H1: Acceptance Criteria / Standard | I1: Status | J1: Date | K1: Checked By | L1: Remarks / Observations | M1: Training Video / Reference | N1: Source Files | O1: Defect Photo | P1: Rectified? | Q1: Rectified Date | R1: Rectified Photo | S1: Rectification Remarks
D2: TIL-001 | E2: Tile Work | F2: Substrate | G2: Base / screed level & slope. | H2: Slope 1:80 to drain for wet areas; level otherwise. | I2: Pending | M2: ▶ Watch Video | N2: Quality Checklist.xlsx
D3: TIL-002 | E3: Tile Work | F3: Substrate | G3: Waterproofing completed & tested (wet areas). | H3: Ponding test passed before tile work. | I3: Pending | M3: ▶ Watch (3 videos) | N3: Quality Checklist.xlsx
D4: TIL-003 | E4: Tile Work | F4: Substrate | G4: Substrate clean, dry, free of curing compound. | H4: Wire brushed; cleaned. | I4: Pending | M4: ▶ Watch Video | N4: Quality Checklist.xlsx
D5: TIL-004 | E5: Tile Work | F5: Materials | G5: Tile inspection — size, color, lot, shade match. | H5: Same batch; ±0.5mm size tolerance; no cracks/chips. | I5: Pending | M5: ▶ Watch Video | N5: Quality Checklist.xlsx
D6: TIL-005 | E6: Tile Work | F6: Materials | G6: Adhesive / mortar type. | H6: Type-1/2/3 adhesive as per location; or 1:4 mortar. | I6: Pending | M6: ▶ Watch Video | N6: Quality Checklist.xlsx
D7: TIL-006 | E7: Tile Work | F7: Materials | G7: Tile spacers & spacing. | H7: 2–3mm vitrified; 3–5mm ceramic; uniform. | I7: Pending | M7: ▶ Watch Video | N7: Quality Checklist.xlsx
D8: TIL-007 | E8: Tile Work | F8: Materials | G8: Grout — color, brand, epoxy/cementitious. | H8: Approved make; matching color. | I8: Pending | M8: ▶ Watch (2 videos) | N8: Quality Checklist.xlsx
D9: TIL-008 | E9: Tile Work | F9: Layout | G9: Dry layout / setting-out approval. | H9: Centered layout; cut tiles equal at edges. | I9: Pending | M9: ▶ Watch Video | N9: Quality Checklist.xlsx
D10: TIL-009 | E10: Tile Work | F10: Layout | G10: Reference lines & datum levels marked. | H10: Laser/level reference established. | I10: Pending | M10: ▶ Watch Video | N10: Quality Checklist.xlsx
D11: TIL-010 | E11: Tile Work | F11: Layout | G11: Pattern, direction, design as per drawing. | H11: Verified against approved layout drawing. | I11: Pending | M11: ▶ Watch Video | N11: Quality Checklist.xlsx
D12: TIL-011 | E12: Tile Work | F12: Installation | G12: Full bedding — no voids under tiles. | H12: 100% adhesive contact; hollow ≤ 5% area. | I12: Pending | M12: ▶ Watch Video | N12: Quality Checklist.xlsx
D13: TIL-012 | E13: Tile Work | F13: Installation | G13: Lippage between adjacent tiles. | H13: ≤ 1mm; preferably zero. | I13: Pending | M13: ▶ Watch Video | N13: Quality Checklist.xlsx
... D23: TIL-022 | E23: Tile Work | F23: Finishing | G23: Protection of finished tiles. | H23: Covered with plastic / hardboard / paper. | I23: Pending | M23: ▶ Watch Video | N23: Quality Checklist.xlsx

Sheet Putty Work
A1: Block | B1: Floor | C1: Flat | D1: Item ID | E1: Work Category | F1: Stage | G1: Inspection Check | H1: Acceptance Criteria / Standard | I1: Status | J1: Date | K1: Checked By | L1: Remarks / Observations | M1: Training Video / Reference | N1: Source Files | O1: Defect Photo | P1: Rectified? | Q1: Rectified Date | R1: Rectified Photo | S1: Rectification Remarks
D2: PUT-001 | E2: Putty Work | F2: Surface Preparation | G2: Plaster fully cured (min 21–28 days). | H2: No green plaster; moisture < 12%. | I2: Pending | M2: ▶ Watch Video | N2: Quality Checklist.xlsx
D3: PUT-002 | E3: Putty Work | F3: Surface Preparation | G3: Surface cleaning — dust, loose particles, oil. | H3: Brushed & wiped clean. | I3: Pending | M3: ▶ Watch Video | N3: Quality Checklist.xlsx
D4: PUT-003 | E4: Putty Work | F4: Surface Preparation | G4: Hairline / minor cracks filled. | H4: V-cut and filled with crack filler. | I4: Pending | M4: ▶ Watch Video | N4: Quality Checklist.xlsx
D5: PUT-004 | E5: Putty Work | F5: Surface Preparation | G5: Sanding of high spots / projections. | H5: Smooth substrate before putty. | I5: Pending | M5: ▶ Watch Video | N5: Quality Checklist.xlsx
D6: PUT-005 | E6: Putty Work | F6: Materials | G6: Putty brand & type approved. | H6: Acrylic (interior) / weather (exterior); approved make. | I6: Pending | M6: ▶ Watch Video | N6: Quality Checklist.xlsx
D7: PUT-006 | E7: Putty Work | F7: Materials | G7: Mixing ratio with water. | H7: As per manufacturer (typically 35–40% water). | I7: Pending | M7: ▶ Watch Video | N7: Quality Checklist.xlsx
D8: PUT-007 | E8: Putty Work | F8: Materials | G8: Pot life observed. | H8: Use within 2 hours of mixing. | I8: Pending | M8: ▶ Watch Video | N8: Quality Checklist.xlsx
D9: PUT-008 | E9: Putty Work | F9: Application | G9: Number of coats. | H9: Min 2 coats (interior); 2–3 (exterior weather putty). | I9: Pending | M9: ▶ Watch Video | N9: Quality Checklist.xlsx
D10: PUT-009 | E10: Putty Work | F10: Application | G10: Thickness per coat. | H10: Each coat ≤ 1mm; total ≤ 1.5–2mm. | I10: Pending | M10: ▶ Watch Video | N10: Quality Checklist.xlsx
D11: PUT-010 | E11: Putty Work | F11: Application | G11: Drying time between coats. | H11: Min 4–6 hours; full dry before sanding. | I11: Pending | M11: ▶ Watch Video | N11: Quality Checklist.xlsx
D12: PUT-011 | E12: Putty Work | F12: Application | G12: Sanding between coats (320–400 grit). | H12: Smooth uniform surface; dust removed. | I12: Pending | M12: ▶ Watch Video | N12: Quality Checklist.xlsx
D13: PUT-012 | E13: Putty Work | F13: Application | G13: Edges, corners, junctions — neat finish. | H13: No build-up; sharp clean edges. | I13: Pending | M13: ▶ Watch Video | N13: Quality Checklist.xlsx
... D17: PUT-016 | E17: Putty Work | F17: Inspection | G17: Final sanding & dust cleaning before primer. | H17: Fully dust-free surface. | I17: Pending | M17: ▶ Watch Video | N17: Quality Checklist.xlsx

Sheet Electrical Work
A1: Block | B1: Floor | C1: Flat | D1: Item ID | E1: Work Category | F1: Stage | G1: Inspection Check | H1: Acceptance Criteria / Standard | I1: Status | J1: Date | K1: Checked By | L1: Remarks / Observations | M1: Training Video / Reference | N1: Source Files | O1: Defect Photo | P1: Rectified? | Q1: Rectified Date | R1: Rectified Photo | S1: Rectification Remarks
D2: ELE-001 | E2: Electrical Work | F2: Conduiting (concealed) | G2: Conduit make, ISI marked, fire-retardant. | H2: Approved make; medium/heavy gauge as per spec. | I2: Pending | N2: Quality Checklist.xlsx
D3: ELE-002 | E3: Electrical Work | F3: Conduiting (concealed) | G3: Conduit chasing — depth & alignment. | H3: Depth ≥ conduit dia + 15mm; vertical/horizontal only. | I3: Pending | N3: Quality Checklist.xlsx
D4: ELE-003 | E4: Electrical Work | F4: Conduiting (concealed) | G4: No diagonal chasing; no chasing in beams. | H4: Avoid structural members. | I4: Pending | N4: Quality Checklist.xlsx
D5: ELE-004 | E5: Electrical Work | F5: Conduiting (concealed) | G5: Conduit joints — couplers / solvent cement. | H5: Watertight joints; no glue lumps inside. | I5: Pending | N5: Quality Checklist.xlsx
D6: ELE-005 | E6: Electrical Work | F6: Conduiting (concealed) | G6: Bend radius. | H6: ≥ 4× conduit dia; no kinks. | I6: Pending | N6: Quality Checklist.xlsx
D7: ELE-006 | E7: Electrical Work | F7: Conduiting (concealed) | G7: Fish wire installed in every conduit. | H7: GI wire 14 SWG; both ends accessible. | I7: Pending | M7: ▶ Watch Video | N7: Quality Checklist.xlsx
D8: ELE-007 | E8: Electrical Work | F8: Conduiting (concealed) | G8: Conduits secured with saddles / nails. | H8: Spacing ≤ 600mm; firm to substrate. | I8: Pending | N8: Quality Checklist.xlsx
D9: ELE-008 | E9: Electrical Work | F9: Boxes & Dbs | G9: Switch / socket box position & height. | H9: Switch 1200mm; Socket 300mm (or as drawing). | I9: Pending | N9: Quality Checklist.xlsx
D10: ELE-009 | E10: Electrical Work | F10: Boxes & Dbs | G10: Box flush with finished plaster level. | H10: Within ±2mm of finished wall. | I10: Pending | N10: Quality Checklist.xlsx
D11: ELE-010 | E11: Electrical Work | F11: Boxes & Dbs | G11: DB location, size, accessibility. | H11: As per single line diagram; min 300mm from corners. | I11: Pending | N11: Quality Checklist.xlsx
D12: ELE-011 | E12: Electrical Work | F12: Boxes & Dbs | G12: Earth bus bar & neutral bar in DB. | H12: Separate bars; tinned copper; sized per load. | I12: Pending | N12: Quality Checklist.xlsx
D13: ELE-012 | E13: Electrical Work | F13: Wiring | G13: Cable brand, size, FRLS / ISI marking. | H13: Approved make; FRLS PVC; ISI marked. | I13: Pending | M13: ▶ Watch Video | N13: Quality Checklist.xlsx
D14: ELE-013 | E14: Electrical Work | F14: Wiring | G14: Cable colour code. | H14: R-Y-B phase / Black neutral / Green-Yellow earth. | I14: Pending | M14: ▶ Watch Video | N14: Quality Checklist.xlsx
D15: ELE-014 | E15: Electrical Work | F15: Wiring | G15: Cable sizes vs. circuit load. | H15: Lighting 1.5/2.5mm²; Sockets 2.5/4mm²; AC 4/6mm². | I15: Pending | M15: ▶ Watch Video | N15: Quality Checklist.xlsx
D16: ELE-015 | E16: Electrical Work | F16: Wiring | G16: No joints inside conduit. | H16: Joints only at boxes/DBs. | I16: Pending | M16: ▶ Watch Video | N16: Quality Checklist.xlsx
D17: ELE-016 | E17: Electrical Work | F17: Wiring | G17: Number of wires per conduit. | H17: ≤ 40% fill factor. | I17: Pending | M17: ▶ Watch Video | N17: Quality Checklist.xlsx
D18: ELE-017 | E18: Electrical Work | F18: Wiring | G18: Looping at switch boards (phase looped, not neutral). | H18: Phase looping; neutral direct to fixture. | I18: Pending | M18: ▶ Watch Video | N18: Quality Checklist.xlsx
D19: ELE-018 | E19: Electrical Work | F19: Earthing & Protection | G19: Earth pit construction & resistance. | H19: ≤ 1 Ω for system; ≤ 5 Ω individual pit. | I19: Pending | M19: ▶ Watch Video | N19: Quality Checklist.xlsx
D20: ELE-019 | E20: Electrical Work | F20: Earthing & Protection | G20: Earthing conductor size & continuity. | H20: As per IS 3043; verified continuity. | I20: Pending | N20: Quality Checklist.xlsx
D21: ELE-020 | E21: Electrical Work | F21: Earthing & Protection | G21: Double earthing for all 3-phase equipment. | H21: Two independent earth paths. | I21: Pending | N21: Quality Checklist.xlsx
D22: ELE-021 | E22: Electrical Work | F22: Earthing & Protection | G22: RCCB / ELCB installation & rating. | H22: 30mA for sockets; 100/300mA for distribution. | I22: Pending | N22: Quality Checklist.xlsx
D23: ELE-022 | E23: Electrical Work | F23: Earthing & Protection | G23: MCB ratings vs. circuit design. | H23: Matched to cable & load capacity. | I23: Pending | M23: ▶ Watch Video | N23: Quality Checklist.xlsx
D24: ELE-023 | E24: Electrical Work | F24: Testing | G24: Insulation resistance (Megger) — 500V DC. | H24: ≥ 1 MΩ between conductors and to earth. | I24: Pending | N24: Quality Checklist.xlsx
D25: ELE-024 | E25: Electrical Work | F25: Testing | G25: Continuity test — phase, neutral, earth. | H25: All circuits continuous; recorded. | I25: Pending | N25: Quality Checklist.xlsx
D26: ELE-025 | E26: Electrical Work | F26: Testing | G26: Earth resistance test (clamp / fall-of-potential). | H26: Within design limit; logged. | I26: Pending | N26: Quality Checklist.xlsx
D27: ELE-026 | E27: Electrical Work | F27: Testing | G27: Polarity test for sockets. | H27: Correct L/N/E orientation. | I27: Pending | N27: Quality Checklist.xlsx
D28: ELE-027 | E28: Electrical Work | F28: Testing | G28: Load test of DB. | H28: No abnormal heating; balanced phases. | I28: Pending | N28: Quality Checklist.xlsx
D29: ELE-028 | E29: Electrical Work | F29: Testing | G29: Functional test of all switches, sockets, lights. | H29: 100% operational; no flicker. | I29: Pending | N29: Quality Checklist.xlsx
D30: ELE-029 | E30: Electrical Work | F30: Fixing & Finishing | G30: Switch / socket plates — level, no gaps to wall. | H30: Flush mount; no rocking. | I30: Pending | N30: Quality Checklist.xlsx
D31: ELE-030 | E31: Electrical Work | F31: Fixing & Finishing | G31: Light fittings — alignment, level, firm fixing. | H31: Plumb / level; no wobble. | I31: Pending | N31: Quality Checklist.xlsx
D32: ELE-031 | E32: Electrical Work | F32: Fixing & Finishing | G32: Ceiling fan — hook, downrod, balance. | H32: Anti-vibration; no wobble at full speed. | I32: Pending | N32: Quality Checklist.xlsx
D33: ELE-032 | E33: Electrical Work | F33: Fixing & Finishing | G33: DB labelling — circuit identification. | H33: Each MCB labelled with circuit served. | I33: Pending | N33: Quality Checklist.xlsx

Sheet Plumbing Work
A1: Block | B1: Floor | C1: Flat | D1: Item ID | E1: Work Category | F1: Stage | G1: Inspection Check | H1: Acceptance Criteria / Standard | I1: Status | J1: Date | K1: Checked By | L1: Remarks / Observations | M1: Training Video / Reference | N1: Source Files | O1: Defect Photo | P1: Rectified? | Q1: Rectified Date | R1: Rectified Photo | S1: Rectification Remarks
D2: PLB-001 | E2: Plumbing Work | F2: Internal: Water Supply | G2: Pipe material, brand, ISI marking (CPVC/PPR). | H2: Approved make; ISI/IS 15778 / IS 15801. | I2: Pending | M2: ▶ Watch Video | N2: Quality Checklist.xlsx
D3: PLB-002 | E3: Plumbing Work | F3: Internal: Water Supply | G3: Pipe sizing per fixture units. | H3: As per plumbing drawing & calculation. | I3: Pending | M3: ▶ Watch Video | N3: Quality Checklist.xlsx
D4: PLB-003 | E4: Plumbing Work | F4: Internal: Water Supply | G4: Concealed pipe routing & supports. | H4: No bends < manufacturer radius; clamped ≤ 1m. | I4: Pending | M4: ▶ Watch Video | N4: Quality Checklist.xlsx
D5: PLB-004 | E5: Plumbing Work | F5: Internal: Water Supply | G5: Solvent cement joints / heat fusion (PPR). | H5: Clean, properly cured; no excess; correct temp. | I5: Pending | M5: ▶ Watch Video | N5: Quality Checklist.xlsx
D6: PLB-005 | E6: Plumbing Work | F6: Internal: Water Supply | G6: Hot & cold lines — separation & insulation. | H6: Min 150mm separation; hot line insulated. | I6: Pending | M6: ▶ Watch Video | N6: Quality Checklist.xlsx
D7: PLB-006 | E7: Plumbing Work | F7: Internal: Water Supply | G7: Hydrostatic pressure test (concealed lines). | H7: 1.5× working pressure, min 10 bar, 24 hr; no drop. | I7: Pending | M7: ▶ Watch Video | N7: Quality Checklist.xlsx
D8: PLB-007 | E8: Plumbing Work | F8: Internal: Water Supply | G8: Isolation valves at branches & before fixtures. | H8: Quarter-turn ball valves at each unit. | I8: Pending | M8: ▶ Watch Video | N8: Quality Checklist.xlsx
D9: PLB-008 | E9: Plumbing Work | F9: Internal: Water Supply | G9: Air release & flushing of system. | H9: Cleared of debris; commissioning recorded. | I9: Pending | M9: ▶ Watch Video | N9: Quality Checklist.xlsx
D10: PLB-009 | E10: Plumbing Work | F10: Internal: Drainage | G10: Pipe material (UPVC / SWR / cast iron). | H10: Approved make; ISI marked; correct schedule. | I10: Pending | M10: ▶ Watch Video | N10: Quality Checklist.xlsx
D11: PLB-010 | E11: Plumbing Work | F11: Internal: Drainage | G11: Pipe slope for horizontal runs. | H11: 1:40 to 1:80; uniform; no back-fall. | I11: Pending | M11: ▶ Watch Video | N11: Quality Checklist.xlsx
D12: PLB-011 | E12: Plumbing Work | F12: Internal: Drainage | G12: Traps under all fixtures (P/S/floor). | H12: 75mm water seal min; accessible cleanout. | I12: Pending | M12: ▶ Watch Video | N12: Quality Checklist.xlsx
D13: PLB-012 | E13: Plumbing Work | F13: Internal: Drainage | G13: Vent pipe extension above roof. | H13: ≥ 600mm above roof; cowl provided. | I13: Pending | M13: ▶ Watch Video | N13: Quality Checklist.xlsx
... D32: PLB-031 | E32: Plumbing Work | F32: Tanks & Pumps | G32: Float switches, level controllers. | H32: Operational; auto cut-off tested. | I32: Pending | M32: ▶ Watch Video | N32: Quality Checklist.xlsx

Sheet False Ceiling Work
A1: Block | B1: Floor | C1: Flat | D1: Item ID | E1: Work Category | F1: Stage | G1: Inspection Check | H1: Acceptance Criteria / Standard | I1: Status | J1: Date | K1: Checked By | L1: Remarks / Observations | M1: Training Video / Reference | N1: Source Files | O1: Defect Photo | P1: Rectified? | Q1: Rectified Date | R1: Rectified Photo | S1: Rectification Remarks
D2: FCL-001 | E2: False Ceiling Work | F2: Pre-work | G2: Ceiling level & layout marking. | H2: Reference height marked; laser level used. | I2: Pending | N2: Quality Checklist.xlsx
D3: FCL-002 | E3: False Ceiling Work | F3: Pre-work | G3: MEP services above ceiling completed & tested. | H3: AC ducts, sprinklers, wiring tested before closing. | I3: Pending | N3: Quality Checklist.xlsx
D4: FCL-003 | E4: False Ceiling Work | F4: Pre-work | G4: Approved shop drawing with grid pattern. | H4: Drawing signed by consultant/architect. | I4: Pending | N4: Quality Checklist.xlsx
D5: FCL-004 | E5: False Ceiling Work | F5: Materials | G5: Gypsum board / calcium silicate — brand, thickness. | H5: Approved make; 12.5mm gypsum / 6mm CSB. | I5: Pending | N5: Quality Checklist.xlsx
D6: FCL-005 | E6: False Ceiling Work | F6: Materials | G6: GI sections — perimeter channel, intermediate, ceiling section. | H6: 0.55mm BMT GI; approved make. | I6: Pending | N6: Quality Checklist.xlsx
D7: FCL-006 | E7: False Ceiling Work | F7: Materials | G7: Suspension — soffit cleats, GI rods, hangers. | H7: ≤ 1200mm c/c; firmly anchored. | I7: Pending | N7: Quality Checklist.xlsx
D8: FCL-007 | E8: False Ceiling Work | F8: Materials | G8: Screws — drywall screws, dry-rust treated. | H8: 25mm self-tapping; approved. | I8: Pending | N8: Quality Checklist.xlsx
D9: FCL-008 | E9: False Ceiling Work | F9: Framework | G9: Perimeter channel fixing. | H9: Screwed at ≤ 600mm c/c into wall. | I9: Pending | N9: Quality Checklist.xlsx
D10: FCL-009 | E10: False Ceiling Work | F10: Framework | G10: Intermediate channel spacing. | H10: 1200mm c/c maximum. | I10: Pending | N10: Quality Checklist.xlsx
D11: FCL-010 | E11: False Ceiling Work | F11: Framework | G11: Ceiling section spacing. | H11: 450mm c/c (gypsum) / as per design. | I11: Pending | N11: Quality Checklist.xlsx
D12: FCL-011 | E12: False Ceiling Work | F12: Framework | G12: Level of grid (3m straightedge). | H12: Deviation ≤ 3mm in 3m. | I12: Pending | N12: Quality Checklist.xlsx
D13: FCL-012 | E13: False Ceiling Work | F13: Framework | G13: Cross bracing & rigidity. | H13: No movement on hand pressure. | I13: Pending | N13: Quality Checklist.xlsx
... D22: FCL-021 | E22: False Ceiling Work | F22: Finishing | G22: Painting — primer + 2 finish coats. | H22: Uniform color; no roller marks. | I22: Pending | N22: Quality Checklist.xlsx

Sheet Paint Work
A1: Block | B1: Floor | C1: Flat | D1: Item ID | E1: Work Category | F1: Stage | G1: Inspection Check | H1: Acceptance Criteria / Standard | I1: Status | J1: Date | K1: Checked By | L1: Remarks / Observations | M1: Training Video / Reference | N1: Source Files | O1: Defect Photo | P1: Rectified? | Q1: Rectified Date | R1: Rectified Photo | S1: Rectification Remarks
D2: PNT-001 | E2: Paint Work | F2: Scaffolding | G2: The scaffolding to be self-standing and rigid. | H2: Scaffolding is stable, rigid, and suitable for external painting work. | I2: Pending | M2: ▶ Watch Video | N2: CHECKLIST.xlsx
D3: PNT-002 | E3: Paint Work | F3: Scaffolding | G3: Check for double horizontals, wherever necessary. | H3: External painting requirement is verified before continuing the work. | I3: Pending | M3: ▶ Watch Video | N3: CHECKLIST.xlsx
D4: PNT-003 | E4: Paint Work | F4: Scaffolding | G4: Check for telescopic vertical scaffolding. | H4: Scaffolding is stable, rigid, and suitable for external painting work. | I4: Pending | M4: ▶ Watch Video | N4: CHECKLIST.xlsx
D5: PNT-004 | E5: Paint Work | F5: Scaffolding | G5: Check for diagonal bracings. | H5: External painting requirement is verified before continuing the work. | I5: Pending | M5: ▶ Watch Video | N5: CHECKLIST.xlsx
D6: PNT-005 | E6: Paint Work | F6: Surface Preparation | G6: Algae affected area is cleaned properly before commencing the painting work. | H6: Paint material and application are verified against approved work order and specification. | I6: Pending | N6: CHECKLIST.xlsx
D7: PNT-006 | E7: Paint Work | F7: Surface Preparation | G7: Crack filling is done by good quality of exterior grade crack filler. | H7: External painting requirement is verified before continuing the work. | I7: Pending | M7: ▶ Watch Video | N7: CHECKLIST.xlsx
D8: PNT-007 | E8: Paint Work | F8: Surface Preparation | G8: Window frame tie be protected and wrapped with plastic sheet. | H8: External painting requirement is verified before continuing the work. | I8: Pending | M8: ▶ Watch Video | N8: CHECKLIST.xlsx
D9: PNT-008 | E9: Paint Work | F9: Surface Preparation | G9: Check all window jambs are properly repaired. | H9: External painting requirement is verified before continuing the work. | I9: Pending | M9: ▶ Watch Video | N9: CHECKLIST.xlsx
D10: PNT-009 | E10: Paint Work | F10: Surface Preparation | G10: Check deck ceiling light points are cleared. | H10: External painting requirement is verified before continuing the work. | I10: Pending | M10: ▶ Watch Video | N10: CHECKLIST.xlsx
D11: PNT-010 | E11: Paint Work | F11: Surface Preparation | G11: Cleaning of dust and loose particles. | H11: Soft brush / blower used. | I11: Pending | N11: CHECKLIST.xlsx; Quality Checklist.xlsx
D12: PNT-011 | E12: Paint Work | F12: Painting | G12: Check after polishing, primer coat with proper finish. | H12: External painting requirement is verified before continuing the work. | I12: Pending | M12: ▶ Watch Video | N12: CHECKLIST.xlsx
D13: PNT-012 | E13: Paint Work | F13: Painting | G13: Check 1st coat paint is applied. | H13: External painting requirement is verified before continuing the work. | I13: Pending | M13: ▶ Watch Video | N13: CHECKLIST.xlsx
D14: PNT-013 | E14: Paint Work | F14: Painting | G14: Check baking coat, patchiness, unevenness, brush mark not seen. | H14: External painting requirement is verified before continuing the work. | I14: Pending | M14: ▶ Watch Video | N14: CHECKLIST.xlsx
D15: PNT-014 | E15: Paint Work | F15: Painting | G15: Paint as per approved scheme. | H15: Paint material and application are verified against approved work order and specification. | I15: Pending | N15: CHECKLIST.xlsx
D16: PNT-015 | E16: Paint Work | F16: Surface Preparation | G16: Surface fully cured & dry. | H16: Moisture ≤ 12%; min 28 days after plaster. | I16: Pending | N16: Quality Checklist.xlsx
D17: PNT-016 | E17: Paint Work | F17: Surface Preparation | G17: Putty work completed & sanded smooth. | H17: Smooth, dust-free surface. | I17: Pending | N17: Quality Checklist.xlsx
D18: PNT-017 | E18: Paint Work | F18: Materials | G18: Paint brand, type, batch verification. | H18: Approved make; correct sheen (matt/satin/eggshell). | I18: Pending | N18: Quality Checklist.xlsx
D19: PNT-018 | E19: Paint Work | F19: Materials | G19: Primer type matched to substrate. | H19: Acrylic primer (interior); cement primer for new surface. | I19: Pending | N19: Quality Checklist.xlsx
D20: PNT-019 | E20: Paint Work | F20: Materials | G20: Color shade approved (shade card / mock-up). | H20: Signed shade approval on record. | I20: Pending | N20: Quality Checklist.xlsx
D21: PNT-020 | E21: Paint Work | F21: Materials | G21: Thinning ratio per manufacturer. | H21: As per data sheet; over-thinning avoided. | I21: Pending | N21: Quality Checklist.xlsx
D22: PNT-021 | E22: Paint Work | F22: Internal: Application | G22: Primer — single coat, uniform. | H22: Full coverage; no holidays. | I22: Pending | N22: Quality Checklist.xlsx
D23: PNT-022 | E23: Paint Work | F23: Internal: Application | G23: Finish coats — minimum 2 coats. | H23: Each coat fully dry before next. | I23: Pending | N23: Quality Checklist.xlsx
D24: PNT-023 | E24: Paint Work | F24: Internal: Application | G24: Drying time between coats. | H24: Min 4–6 hrs (touch) / 8 hrs (recoat). | I24: Pending | N24: Quality Checklist.xlsx
D25: PNT-024 | E25: Paint Work | F25: Internal: Application | G25: DFT (Dry Film Thickness) verification. | H25: As per spec (typically 80–100 µ total). | I25: Pending | N25: Quality Checklist.xlsx
D26: PNT-025 | E26: Paint Work | F26: Internal: Application | G26: Uniform color, no brush/roller marks, no patches. | H26: Inspected in oblique light. | I26: Pending | N26: Quality Checklist.xlsx
... D36: PNT-035 | E36: Paint Work | F36: Finishing & Inspection | G36: Final inspection in daylight and artificial light. | H36: Approved by consultant/architect. | I36: Pending | N36: Quality Checklist.xlsx

Sheet Landscape Development
A1: Block | B1: Floor | C1: Flat | D1: Item ID | E1: Work Category | F1: Stage | G1: Inspection Check | H1: Acceptance Criteria / Standard | I1: Status | J1: Date | K1: Checked By | L1: Remarks / Observations | M1: Training Video / Reference | N1: Source Files | O1: Defect Photo | P1: Rectified? | Q1: Rectified Date | R1: Rectified Photo | S1: Rectification Remarks
D2: LAN-001 | E2: Landscape Development | F2: Site Preparation | G2: Site clearance — debris, weeds, construction waste. | H2: Fully cleared & disposed. | I2: Pending | N2: Quality Checklist.xlsx
D3: LAN-002 | E3: Landscape Development | F3: Site Preparation | G3: Existing soil testing (pH, drainage). | H3: Lab report; pH 6.0–7.5 ideal. | I3: Pending | N3: Quality Checklist.xlsx
D4: LAN-003 | E4: Landscape Development | F4: Site Preparation | G4: Sub-grade levels & contouring. | H4: As per landscape drawing; ±25mm. | I4: Pending | N4: Quality Checklist.xlsx
D5: LAN-004 | E5: Landscape Development | F5: Site Preparation | G5: Sub-surface drainage / weep holes. | H5: Functional; flows tested. | I5: Pending | N5: Quality Checklist.xlsx
D6: LAN-005 | E6: Landscape Development | F6: Soil & Bedding | G6: Top soil quality & depth. | H6: Min 150mm lawn / 450mm shrubs / 900mm trees. | I6: Pending | N6: Quality Checklist.xlsx
D7: LAN-006 | E7: Landscape Development | F7: Soil & Bedding | G7: Organic manure / compost mixing. | H7: As per agronomist recommendation. | I7: Pending | N7: Quality Checklist.xlsx
D8: LAN-007 | E8: Landscape Development | F8: Plantation | G8: Plant species list — match approved schedule. | H8: Per landscape architect's list. | I8: Pending | N8: Quality Checklist.xlsx
D9: LAN-008 | E9: Landscape Development | F9: Plantation | G9: Plant health — disease-free, hardened. | H9: Nursery inspection done. | I9: Pending | N9: Quality Checklist.xlsx
D10: LAN-009 | E10: Landscape Development | F10: Plantation | G10: Pit size for trees / shrubs / hedges. | H10: Trees 1×1×1m; shrubs 0.45m cube. | I10: Pending | N10: Quality Checklist.xlsx
D11: LAN-010 | E11: Landscape Development | F11: Plantation | G11: Spacing between plants. | H11: Per design; rows aligned. | I11: Pending | N11: Quality Checklist.xlsx
D12: LAN-011 | E12: Landscape Development | F12: Plantation | G12: Staking & support for trees. | H12: 3 stakes; flexible tie; not damaging bark. | I12: Pending | N12: Quality Checklist.xlsx
D13: LAN-012 | E13: Landscape Development | F13: Lawn | G13: Grass species & laying method (sod/sprig). | H13: Per design; uniform laying; no gaps. | I13: Pending | N13: Quality Checklist.xlsx
... D25: LAN-024 | E25: Landscape Development | F25: Maintenance Period | G25: Mulching, weeding, pruning schedule. | H25: Records maintained. | I25: Pending | N25: Quality Checklist.xlsx

Sheet Fire Fighting Work
A1: Block | B1: Floor | C1: Flat | D1: Item ID | E1: Work Category | F1: Stage | G1: Inspection Check | H1: Acceptance Criteria / Standard | I1: Status | J1: Date | K1: Checked By | L1: Remarks / Observations | M1: Training Video / Reference | N1: Source Files | O1: Defect Photo | P1: Rectified? | Q1: Rectified Date | R1: Rectified Photo | S1: Rectification Remarks
D2: FIR-001 | E2: Fire Fighting Work | F2: Drawings & Approvals | G2: Fire NOC / approved drawings on site. | H2: Drawings signed by fire department. | I2: Pending | M2: ▶ Watch Video | N2: Quality Checklist.xlsx
D3: FIR-002 | E3: Fire Fighting Work | F3: Drawings & Approvals | G3: Equipment make & model as approved. | H3: Per approved vendor list. | I3: Pending | M3: ▶ Watch Video | N3: Quality Checklist.xlsx
D4: FIR-003 | E4: Fire Fighting Work | F4: Piping Network | G4: Pipe material — MS heavy / GI as specified. | H4: IS 1239 / IS 3589; correct thickness. | I4: Pending | M4: ▶ Watch Video | N4: Quality Checklist.xlsx
D5: FIR-004 | E5: Fire Fighting Work | F5: Piping Network | G5: Pipe routing & supports. | H5: Per drawing; clamps ≤ 3m c/c. | I5: Pending | M5: ▶ Watch Video | N5: Quality Checklist.xlsx
D6: FIR-005 | E6: Fire Fighting Work | F6: Piping Network | G6: Welded / flanged joints — quality. | H6: Full penetration welds; no porosity; tested. | I6: Pending | M6: ▶ Watch Video | N6: Quality Checklist.xlsx
D7: FIR-006 | E7: Fire Fighting Work | F7: Piping Network | G7: Pipe painting — fire red. | H7: Approved shade; primer + 2 coats. | I7: Pending | M7: ▶ Watch Video | N7: Quality Checklist.xlsx
D8: FIR-007 | E8: Fire Fighting Work | F8: Piping Network | G8: Pipe identification & flow direction. | H8: Labels every 6m & at branches. | I8: Pending | M8: ▶ Watch Video | N8: Quality Checklist.xlsx
D9: FIR-008 | E9: Fire Fighting Work | F9: Hydrant System | G9: Wet riser size & location. | H9: 150mm dia min; one per 1000 m² as per NBC. | I9: Pending | M9: ▶ Watch Video | N9: Quality Checklist.xlsx
D10: FIR-009 | E10: Fire Fighting Work | F10: Hydrant System | G10: Landing valves on each floor. | H10: 63mm IS 5290; instantaneous coupling. | I10: Pending | M10: ▶ Watch Video | N10: Quality Checklist.xlsx
D11: FIR-010 | E11: Fire Fighting Work | F11: Hydrant System | G11: Hose reel (rubber-lined) on each floor. | H11: 36m × 19mm; with nozzle. | I11: Pending | M11: ▶ Watch Video | N11: Quality Checklist.xlsx
D12: FIR-011 | E12: Fire Fighting Work | F12: Hydrant System | G12: Hose box & accessories. | H12: GI sheet; with branch, key, hose 15m × 2. | I12: Pending | M12: ▶ Watch Video | N12: Quality Checklist.xlsx
D13: FIR-012 | E13: Fire Fighting Work | F13: Hydrant System | G13: External yard hydrants. | H13: Per layout; min 2; 30m spacing. | I13: Pending | M13: ▶ Watch Video | N13: Quality Checklist.xlsx
... D34: FIR-033 | E34: Fire Fighting Work | F34: Compliance | G34: Final fire department inspection & NOC. | H34: Final fire safety certificate obtained. | I34: Pending | M34: ▶ Watch Video | N34: Quality Checklist.xlsx

Sheet Training Library
A1: JAIN GROUP — QC TRAINING VIDEO LIBRARY
A2: Click any ▶ Watch button to open the training video
A4: Topic | B4: Training Type | C4: Work Category | D4: Video Available | E4: Watch | F4: Source Sheet | G4: Source File
A5: Steel | B5: Material QA | C5: RCC Work | D5: Yes | E5: ▶ Watch | F5: Quality Checklist Materials | G5: Quality Checklist with Video Links_____ (1).xlsx
A6: Red Bricks | B6: Material QA | C6: Masonry Work | D6: Yes | E6: ▶ Watch | F6: Quality Checklist Materials | G6: Quality Checklist with Video Links_____ (1).xlsx
A7: AAC Blocks | B7: Material QA | C7: Masonry Work | D7: Yes | E7: ▶ Watch | F7: Quality Checklist Materials | G7: Quality Checklist with Video Links_____ (1).xlsx
A8: Cement Tests | B8: Material QA | C8: Plaster & Waterproofing | D8: Yes | E8: ▶ Watch | F8: Quality Checklist Materials | G8: Quality Checklist with Video Links_____ (1).xlsx
A9: Sieve Tests | B9: Material QA | C9: Plaster & Waterproofing | D9: Yes | E9: ▶ Watch | F9: Quality Checklist Materials | G9: Quality Checklist with Video Links_____ (1).xlsx
A10: Sand Zone | B10: Material QA | C10: Plaster & Waterproofing | D10: Yes | E10: ▶ Watch | F10: Quality Checklist Materials | G10: Quality Checklist with Video Links_____ (1).xlsx
A11: Aluminium Window | B11: Material QA | C11: Paint Work | D11: Yes | E11: ▶ Watch | F11: Quality Checklist Materials | G11: Quality Checklist with Video Links_____ (1).xlsx
A12: Checking of Wood | B12: Material QA | C12: Paint Work | E12: — | F12: Quality Checklist Materials | G12: Quality Checklist with Video Links_____ (1).xlsx
A13: Tile Waterproof Quality Check | B13: Material QA | C13: Plaster & Waterproofing | D13: Yes | E13: ▶ Watch | F13: Quality Checklist Materials | G13: Quality Checklist with Video Links_____ (1).xlsx
A14: Electrical Wire | B14: Material QA | C14: Electrical Work | D14: Yes | E14: ▶ Watch | F14: Quality Checklist Materials | G14: Quality Checklist with Video Links_____ (1).xlsx
A15: CUBE TESTING | B15: Material QA | C15: RCC Work | D15: Yes | E15: ▶ Watch | F15: Quality Checklist Materials | G15: Quality Checklist with Video Links_____ (1).xlsx
A16: Carpet, Built-up & Super Built up as per RERA | B16: Process QA | C16: General Training | D16: Yes | E16: ▶ Watch | F16: Quality Checklist for Processes | G16: Quality Checklist with Video Links_____ (1).xlsx
A17: Plastering | B17: Process QA | C17: Plaster & Waterproofing | D17: Yes | E17: ▶ Watch | F17: Quality Checklist for Processes | G17: Quality Checklist with Video Links_____ (1).xlsx
A18: Brickwork | B18: Process QA | C18: Masonry Work | D18: Yes | E18: ▶ Watch | F18: Quality Checklist for Processes | G18: Quality Checklist with Video Links_____ (1).xlsx
A19: RCC Columns | B19: Process QA | C19: RCC Work | D19: Yes | E19: ▶ Watch | F19: Quality Checklist for Processes | G19: Quality Checklist with Video Links_____ (1).xlsx
A20: Wall Dampness | B20: Process QA | C20: Plaster & Waterproofing | D20: Yes | E20: ▶ Watch | F20: Quality Checklist for Processes | G20: Quality Checklist with Video Links_____ (1).xlsx
A21: DPC | B21: Process QA | C21: Plaster & Waterproofing | D21: Yes | E21: ▶ Watch | F21: Quality Checklist for Processes | G21: Quality Checklist with Video Links_____ (1).xlsx
A22: Slump Cone Test | B22: Process QA | C22: RCC Work | D22: Yes | E22: ▶ Watch | F22: Quality Checklist for Processes | G22: Quality Checklist with Video Links_____ (1).xlsx
A23: Cube Test | B23: Process QA | C23: RCC Work | D23: Yes | E23: ▶ Watch | F23: Quality Checklist for Processes | G23: Quality Checklist with Video Links_____ (1).xlsx
A24: Steel Calculation for Slab | B24: Process QA | C24: RCC Work | D24: Yes | E24: ▶ Watch | F24: Quality Checklist for Processes | G24: Quality Checklist with Video Links_____ (1).xlsx
... A28: Wooden Floor | B28: Process QA | C28: Tile Work | D28: Yes | E28: ▶ Watch | F28: Quality Checklist for Processes | G28: Quality Checklist with Video Links_____ (1).xlsx
A29: Septic Tank | B29: Process QA | C29: Plumbing Work | E29: — | F29: Quality Checklist for Processes | G29: Quality Checklist with Video Links_____ (1).xlsx
A30: UGWR | B30: Process QA | C30: Plumbing Work | E30: — | F30: Quality Checklist for Processes | G30: Quality Checklist with Video Links_____ (1).xlsx
A31: Building Layout | B31: Process QA | C31: General Training | E31: — | F31: Quality Checklist for Processes | G31: Quality Checklist with Video Links_____ (1).xlsx
A32: Checklist for Concreting Slab | B32: Process QA | C32: RCC Work | D32: Yes | E32: ▶ Watch | F32: Quality Checklist for Processes | G32: Quality Checklist with Video Links_____ (1).xlsx
A33: Earth Excavation | B33: Process QA | C33: Excavation & Earthwork | D33: Yes | E33: ▶ Watch | F33: Quality Checklist for Processes | G33: Quality Checklist with Video Links_____ (1).xlsx
A34: Electrical Earth Pit | B34: Process QA | C34: Electrical Work | D34: Yes | E34: ▶ Watch | F34: Quality Checklist for Processes | G34: Quality Checklist with Video Links_____ (1).xlsx
A35: Electrical Trench | B35: Process QA | C35: Electrical Work | E35: — | F35: Quality Checklist for Processes | G35: Quality Checklist with Video Links_____ (1).xlsx
A36: External Painting | B36: Process QA | C36: Paint Work | D36: Yes | E36: ▶ Watch | F36: Quality Checklist for Processes | G36: Quality Checklist with Video Links_____ (1).xlsx
A37: Door shutter Fixing | B37: Process QA | C37: General Training | D37: Yes | E37: ▶ Watch | F37: Quality Checklist for Processes | G37: Quality Checklist with Video Links_____ (1).xlsx
A38: Internal Plaster | B38: Process QA | C38: Plaster & Waterproofing | D38: Yes | E38: ▶ Watch | F38: Quality Checklist for Processes | G38: Quality Checklist with Video Links_____ (1).xlsx
A39: Plumbing Work | B39: Process QA | C39: Plumbing Work | D39: Yes | E39: ▶ Watch | F39: Quality Checklist for Processes | G39: Quality Checklist with Video Links_____ (1).xlsx
A40: Road Work | B40: Process QA | C40: General Training | D40: Yes | E40: ▶ Watch | F40: Quality Checklist for Processes | G40: Quality Checklist with Video Links_____ (1).xlsx
A41: Fabrication | B41: Process QA | C41: General Training | D41: Yes | E41: ▶ Watch | F41: Quality Checklist for Processes | G41: Quality Checklist with Video Links_____ (1).xlsx
A42: Swimming Pool | B42: Process QA | C42: General Training | D42: Yes | E42: ▶ Watch | F42: Quality Checklist for Processes | G42: Quality Checklist with Video Links_____ (1).xlsx
A43: Tiles fixing | B43: Process QA | C43: Tile Work | D43: Yes | E43: ▶ Watch | F43: Quality Checklist for Processes | G43: Quality Checklist with Video Links_____ (1).xlsx
A44: Internal Electrical | B44: Process QA | C44: Electrical Work | D44: Yes | E44: ▶ Watch | F44: Quality Checklist for Processes | G44: Quality Checklist with Video Links_____ (1).xlsx
A45: Putty work | B45: Process QA | C45: Putty Work | D45: Yes | E45: ▶ Watch | F45: Quality Checklist for Processes | G45: Quality Checklist with Video Links_____ (1).xlsx
A46: Fire Fighting | B46: Process QA | C46: Fire Fighting Work | D46: Yes | E46: ▶ Watch | F46: Quality Checklist for Processes | G46: Quality Checklist with Video Links_____ (1).xlsx
A47: Door Frame Fixing | B47: Process QA | C47: General Training | D47: Yes | E47: ▶ Watch | F47: Quality Checklist for Processes | G47: Quality Checklist with Video Links_____ (1).xlsx
... A57: Project Quality By Mr. Shah (Construction Learning) Part 4 | B57: Innovation / Training | C57: General Training | D57: Yes | E57: ▶ Watch | F57: Innovation & Other Training Vid | G57: Quality Checklist with Video Links_____ (1).xlsx
